CREATE DATABASE  `ortemij` DEFAULT CHARACTER SET cp1251 COLLATE cp1251_general_ci;

GRANT ALL PRIVILEGES ON * . * TO  'abracadabra'@'%' IDENTIFIED BY  'zcjcexkty' WITH GRANT OPTION MAX_QUERIES_PER_HOUR 0 MAX_CONNECTIONS_PER_HOUR 0 MAX_UPDATES_PER_HOUR 0 ;

USE `ortemij`;

CREATE TABLE  `p_men` (
 `id` INT NOT NULL AUTO_INCREMENT ,
 `name` VARCHAR( 128 ) NOT NULL ,
 `surname` VARCHAR( 128 ) NOT NULL ,
 `gender` ENUM(  'm',  'f' ) NOT NULL ,
 `country` VARCHAR( 128 ) NOT NULL ,
 `city` VARCHAR( 128 ) NOT NULL ,
 `email` VARCHAR( 128 ) NOT NULL ,
 `wiki` TEXT NOT NULL ,
 `iswpr` ENUM(  '0',  '1' ) NOT NULL ,
PRIMARY KEY (  `id` )
);

CREATE TABLE  `p_leagues` (
 `id` INT NOT NULL AUTO_INCREMENT ,
 `name` VARCHAR( 256 ) NOT NULL ,
 `wiki` TEXT NOT NULL ,
PRIMARY KEY (  `id` )
);

CREATE TABLE  `p_competitions` (
 `id` INT NOT NULL AUTO_INCREMENT ,
 `league_id` INT NOT NULL ,
 `name` VARCHAR( 128 ) NOT NULL ,
 `season` VARCHAR( 16 ) NOT NULL ,
 `date` DATE NOT NULL ,
 `coef` INT NOT NULL ,
PRIMARY KEY (  `id` )
);

ALTER TABLE  `p_competitions` ADD  `wiki` TEXT NOT NULL AFTER  `coef` ;

CREATE TABLE  `p_cups` (
 `id` INT NOT NULL AUTO_INCREMENT ,
 `competition_id` INT NOT NULL ,
 `parent_cup_id` INT NOT NULL ,
 `type` ENUM(  'playoff',  'one-lap',  'two-laps' ) NOT NULL ,
PRIMARY KEY (  `id` )
);

CREATE TABLE  `p_men_cups` (
 `id` INT NOT NULL AUTO_INCREMENT ,
 `pmid` INT NOT NULL ,
 `cup_id` INT NOT NULL ,
 `date` DATE NOT NULL ,
 `points` DOUBLE NOT NULL ,
 `place` INT NOT NULL ,
PRIMARY KEY (  `id` )
);

CREATE TABLE  `p_rating` (
 `id` INT NOT NULL AUTO_INCREMENT ,
 `league_id` INT NOT NULL ,
 `pmid` INT NOT NULL ,
 `points` DOUBLE NOT NULL ,
PRIMARY KEY (  `id` )
);

ALTER TABLE  `p_rating` ADD  `date` DATE NOT NULL AFTER  `points` ,
ADD  `rating_place` INT NOT NULL AFTER  `date` ;

CREATE TABLE  `p_games` (
 `id` INT NOT NULL AUTO_INCREMENT ,
 `cup_id` INT NOT NULL ,
 `stage` INT NOT NULL ,
 `tour` INT NOT NULL ,
 `pmid1` INT NOT NULL ,
 `pmid2` INT NOT NULL ,
 `score1` INT NOT NULL ,
 `score2` INT NOT NULL ,
 `timestamp` TIMESTAMP NOT NULL ,
 `is_tech` ENUM(  '0',  '1' ) NOT NULL ,
PRIMARY KEY (  `id` )
);

ALTER TABLE  `p_cups` CHANGE  `type`  `type` ENUM(  'playoff',  'one-lap',  'two-laps',  'undefined' );

CREATE TABLE  `p_tournament` (
 `id` INT NOT NULL AUTO_INCREMENT ,
 `name` VARCHAR( 256 ) NOT NULL ,
 `wiki` TEXT NOT NULL ,
 PRIMARY KEY (  `id` )
);

ALTER TABLE  `p_competitions` ADD  `tournament_id` INT DEFAULT  '0' NOT NULL AFTER  `league_id` ;

ALTER TABLE  `p_tournament` RENAME  `p_tournaments` ;

ALTER TABLE  `p_competitions` CHANGE  `coef`  `coef` DOUBLE;

INSERT INTO `p_competitions` VALUES (1, 1, 1, 'betacompany первый чемпионат по пайпу 2008', '2008', '2008-11-01', 200, 'Это первый, может быть, в чем-то экспериментальный турнир по пайпу. Мы даже не могли представить, каким захватывающим он получится: до последнего тура была интрига, и исход любого матч мог поменять турнирное положение.<br>\r\nБонусы к WPR: за первое место +1.00, за второе +0.75, за третье +0.50, за четвертое +0.25.');
INSERT INTO `p_competitions` VALUES (2, 1, 2, 'Лемболово Open 2008', '2008', '2008-09-28', 87.104, '27-28 сентября 2008 года. Чемпионат Лемболово по пайпу на открытом воздухе. Подобное соревнование ранее не проводилось ни разу.');
INSERT INTO `p_competitions` VALUES (3, 1, 3, 'День рождения пайпа. Александровская Open 2008. Первая Лига', '2008-1', '2008-11-02', 94.795, 'Турнир, посвященный первому дню рождения пайпа. В честной борьбе сошлись недавние соперники по чемпионату betacompany 2008.');
INSERT INTO `p_competitions` VALUES (4, 1, 3, 'День рождения пайпа. Александровская Open 2008. Вторая Лига', '2008-2', '2008-11-02', 110, 'Турнир, в который попали игроки занявшие в своих группах первые и вторые места. Таблица с очками ничего не отражает!');
INSERT INTO `p_competitions` VALUES (5, 1, 4, 'Кубок Красного Курсанта 6/9 ''09', '2009', '2009-04-11', 242, 'Открытый чемпионат по пайпу проходит на территории <a class="text" href="http://610.ru" target="_blank">Санкт-Петербургской классической гимназии</a>, расположенной по адресу: ул. Красного Курсанта,&nbsp;6/9<br>\r\n<br>\r\n<u>Регламент</u><br>\r\n<br>\r\n21 заявившийся участник разбит на 3 группы по семь человек в каждой. Внутри групп они играют по два матча с каждым соперником (на своей и чужой первой подаче). По завершении регулярной части Кубка двое лучших из каждой группы, а также двое лучших по средним очкам среди третьих мест попадают в 1/4 финала, где жребием распределяются на пары. Все матчи регулярной части идут до 5 очков, а в плей-офф &#151; до 10 очков.');
INSERT INTO `p_competitions` VALUES (6, 1, 5, 'Abaza Championship 2009', '2009', '2009-02-22', 69, 'Турнир в честь совершеннолетия знаменитого пайп-мэна Фёдора Абаза!');
INSERT INTO `p_competitions` VALUES (7, 1, 0, 'Тёма Cup 2009', '2009', '2009-04-26', 200, '<a href="/temacup.php">подробная информация</a><br /><br />\r\nГрандиозный open-air турнир по pipe-in-pipe в Александровской, а чтобы не без повода — празднование дня рождения Артёма Григорьева.');
INSERT INTO `p_competitions` VALUES (8, 1, 6, 'Открытие сезона 2009/2010. Комарово Open 2009', '2009', '2009-08-22', 142.82, 'Турнир-открытие нового спортивного пайп-сезона');
INSERT INTO `p_competitions` VALUES (9, 1, 2, 'Лемболово Open 2009', '2009', '2009-08-29', 114.34, 'Второй розыгрыш ежегодного турнира в лесу недалеко от станции Лемболово.');
INSERT INTO `p_competitions` VALUES (10, 1, 7, 'Открытый чемпионат матмеха по пайпу 2009', '2009', '2009-09-13', 58.02, 'Первый розыгрыш открытого чемпионата матмеха СПбГУ по пайпу.');
INSERT INTO `p_competitions` VALUES (11, 1, 3, 'Второй День рождения пайпа. Александровская Open 2009', '2009', '2009-11-01', 299.44, 'Традиционный турнир-праздник в честь Дня рождения пайпа.');
INSERT INTO `p_competitions` VALUES (12, 1, 4, 'Кубок Красного Курсанта 6/9 ''10', '2010', '2010-04-10', 476.21, '<style> \r\n#schedule { width: 100%; }\r\n#schedule td { border: 1px #cccccc solid; padding: 2px; width: 25%; }\r\n#schedule th { border: 1px #cccccc solid; background-color: #cccccc; padding: 2px; width: 25%; }\r\n</style> \r\n \r\nКонференции:\r\n<ul class="text"> \r\n<li>Первая: группы &#920;, &#923;, &#931;;</li> \r\n<li>Вторая: группы &#926;, &#936;, &#937;.</li> \r\n</ul> \r\n \r\n<table id="schedule" class="normal text"> \r\n<thead> \r\n<tr> \r\n<th style=""></th> \r\n<th style="">Этапы</th> \r\n<th style="">Конф-ции</th> \r\n<th style=";">Туры</th> \r\n</tr> \r\n</thead> \r\n<tbody> \r\n<tr><td>06 февраля</td><td>Первый</td><td>обе</td><td>1, 2</td></tr> \r\n<tr><td>13 февраля</td><td>Второй</td><td>I</td><td>3, 4, 5</td></tr> \r\n<tr><td>20 февраля</td><td>Игр нет</td><td></td><td></td></tr> \r\n<tr><td>27 февраля</td><td>Второй</td><td>II</td><td>3, 4, 5</td></tr> \r\n<tr><td>06 марта</td><td>Третий</td><td>I</td><td>6, 7, 8</td></tr> \r\n<tr><td>13 марта</td><td>Третий</td><td>II</td><td>6, 7, 8</td></tr> \r\n<tr><td>20 марта</td><td>Четвёртый</td><td>обе</td><td>9, 10, доигровки</td></tr> \r\n<tr><td>27 марта</td><td>Игр нет</td><td></td><td></td></tr> \r\n<tr><td>03 апреля</td><td>Плей-офф</td><td>обе</td><td>1/8</td></tr> \r\n<tr><td>10 апреля</td><td>Плей-офф</td><td>обе</td><td>1/4, 1/2, 3М, Ф</td></tr> \r\n</tbody> \r\n</table> \r\n<br /> \r\nВ плей-офф выходят пайпмены, занявшие по итогам регулярной части турнира первые и вторые места в группах, а также четверо лучших по (средним) очкам среди занявших третьи места.<br /><br /> \r\nОпределены добавки за места в плей-офф: I&nbsp;место&nbsp;+2.00, II&nbsp;место&nbsp;+1.50, III&nbsp;место&nbsp;+1.25, IV&nbsp;место&nbsp;+1.00, проигравшие в 1/4-финалах&nbsp;+0.75, проигравшие в 1/8-финалах&nbsp;+0.50.');
INSERT INTO `p_competitions` VALUES (13, 1, 5, 'Abaza All Stars 2010', '2010', '2010-02-20', 0, 'Товарищеский турнир, посвящённый 19-тилетию пайпмена Фёдора Абаза. Впервые, 20 февраля 2010 года, в пайп играли ниже уровня земли: underground! Победитель турнира, Иннокентий Шувалов, получил 69 баллов в WPR, остальные не получили ничего.');
INSERT INTO `p_competitions` VALUES (14, 1, 7, 'Первый чемпионат матмеха по пайпу 2010', '2010', '2010-04-21', 73.54, 'Первый розыгрыш чемпионата математико-мехнического факультета СПбГУ по пайпу.');
INSERT INTO `p_competitions` VALUES (15, 1, 0, 'Pipecelebrity Cup', '2010', '2010-05-23', 296.97, '');
INSERT INTO `p_competitions` VALUES (16, 1, 8, 'Закрытие сезона 2009/2010. Пайпфест в Лемболово', '2010', '2010-07-03', 420.84, '');

INSERT INTO `p_cups` VALUES (1, 1, 0, 'undefined');
INSERT INTO `p_cups` VALUES (2, 2, 0, 'two-laps');
INSERT INTO `p_cups` VALUES (3, 3, 0, 'undefined');
INSERT INTO `p_cups` VALUES (4, 3, 6, 'one-lap');
INSERT INTO `p_cups` VALUES (5, 3, 6, 'one-lap');
INSERT INTO `p_cups` VALUES (6, 4, 0, 'undefined');
INSERT INTO `p_cups` VALUES (7, 5, 0, 'playoff');
INSERT INTO `p_cups` VALUES (8, 5, 7, 'two-laps');
INSERT INTO `p_cups` VALUES (9, 5, 7, 'two-laps');
INSERT INTO `p_cups` VALUES (10, 5, 7, 'two-laps');
INSERT INTO `p_cups` VALUES (11, 6, 0, 'undefined');
INSERT INTO `p_cups` VALUES (12, 6, 11, 'one-lap');
INSERT INTO `p_cups` VALUES (13, 6, 11, 'one-lap');
INSERT INTO `p_cups` VALUES (14, 6, 11, 'one-lap');
INSERT INTO `p_cups` VALUES (15, 6, 11, 'one-lap');
INSERT INTO `p_cups` VALUES (16, 7, 0, 'playoff');
INSERT INTO `p_cups` VALUES (17, 7, 16, 'one-lap');
INSERT INTO `p_cups` VALUES (18, 7, 16, 'one-lap');
INSERT INTO `p_cups` VALUES (19, 8, 0, 'playoff');
INSERT INTO `p_cups` VALUES (20, 8, 19, 'one-lap');
INSERT INTO `p_cups` VALUES (21, 8, 19, 'one-lap');
INSERT INTO `p_cups` VALUES (22, 8, 19, 'one-lap');
INSERT INTO `p_cups` VALUES (23, 9, 0, 'undefined');
INSERT INTO `p_cups` VALUES (24, 9, 23, 'one-lap');
INSERT INTO `p_cups` VALUES (25, 9, 23, 'one-lap');
INSERT INTO `p_cups` VALUES (26, 10, 0, 'undefined');
INSERT INTO `p_cups` VALUES (27, 10, 26, 'one-lap');
INSERT INTO `p_cups` VALUES (28, 10, 26, 'one-lap');
INSERT INTO `p_cups` VALUES (31, 11, 0, 'playoff');
INSERT INTO `p_cups` VALUES (32, 11, 31, 'one-lap');
INSERT INTO `p_cups` VALUES (33, 11, 31, 'one-lap');
INSERT INTO `p_cups` VALUES (34, 11, 31, 'one-lap');
INSERT INTO `p_cups` VALUES (35, 11, 31, 'one-lap');
INSERT INTO `p_cups` VALUES (36, 12, 0, 'playoff');
INSERT INTO `p_cups` VALUES (37, 12, 36, 'two-laps');
INSERT INTO `p_cups` VALUES (38, 12, 36, 'two-laps');
INSERT INTO `p_cups` VALUES (39, 12, 36, 'two-laps');
INSERT INTO `p_cups` VALUES (40, 12, 36, 'two-laps');
INSERT INTO `p_cups` VALUES (41, 12, 36, 'two-laps');
INSERT INTO `p_cups` VALUES (42, 12, 36, 'two-laps');
INSERT INTO `p_cups` VALUES (43, 13, 0, 'one-lap');
INSERT INTO `p_cups` VALUES (44, 14, 0, 'playoff');
INSERT INTO `p_cups` VALUES (45, 14, 44, 'one-lap');
INSERT INTO `p_cups` VALUES (46, 14, 44, 'one-lap');
INSERT INTO `p_cups` VALUES (47, 14, 44, 'one-lap');
INSERT INTO `p_cups` VALUES (48, 14, 44, 'one-lap');
INSERT INTO `p_cups` VALUES (49, 15, 0, 'playoff');
INSERT INTO `p_cups` VALUES (50, 15, 49, 'one-lap');
INSERT INTO `p_cups` VALUES (51, 15, 49, 'one-lap');
INSERT INTO `p_cups` VALUES (52, 15, 49, 'one-lap');
INSERT INTO `p_cups` VALUES (53, 15, 49, 'one-lap');
INSERT INTO `p_cups` VALUES (54, 16, 0, 'playoff');
INSERT INTO `p_cups` VALUES (55, 16, 54, 'one-lap');
INSERT INTO `p_cups` VALUES (56, 16, 54, 'one-lap');
INSERT INTO `p_cups` VALUES (57, 16, 54, 'one-lap');
INSERT INTO `p_cups` VALUES (58, 16, 54, 'one-lap');

INSERT INTO `p_tournaments` VALUES (1, 'Чемпионат betacompany', '');
INSERT INTO `p_tournaments` VALUES (2, 'Лемболово Open', '');
INSERT INTO `p_tournaments` VALUES (3, 'День рождения пайпа', '');
INSERT INTO `p_tournaments` VALUES (4, 'Кубок Красного Курсанта', '');
INSERT INTO `p_tournaments` VALUES (5, 'Abaza Tournament', '');
INSERT INTO `p_tournaments` VALUES (6, 'Открытие сезона', '');
INSERT INTO `p_tournaments` VALUES (7, 'Чемпионат матмеха СПбГУ', '');
INSERT INTO `p_tournaments` VALUES (8, 'Закрытие сезона', '');

ALTER TABLE  `p_cups` ADD  `name` VARCHAR( 128 ) NOT NULL AFTER  `parent_cup_id` ;

UPDATE `p_cups` SET `name`='Группа I' WHERE `id`=4;
UPDATE `p_cups` SET `name`='Группа II' WHERE `id`=5;
UPDATE `p_cups` SET `name`='Группа А' WHERE `id`=8;
UPDATE `p_cups` SET `name`='Группа Б' WHERE `id`=9;
UPDATE `p_cups` SET `name`='Группа В' WHERE `id`=10;
UPDATE `p_cups` SET `name`='Группа 1' WHERE `id`=12;
UPDATE `p_cups` SET `name`='Группа 2' WHERE `id`=13;
UPDATE `p_cups` SET `name`='Группа 3' WHERE `id`=14;
UPDATE `p_cups` SET `name`='Группа 4' WHERE `id`=15;
UPDATE `p_cups` SET `name`='Группа А' WHERE `id`=17;
UPDATE `p_cups` SET `name`='Группа Б' WHERE `id`=18;
UPDATE `p_cups` SET `name`='Группа А' WHERE `id`=20;
UPDATE `p_cups` SET `name`='Группа Б' WHERE `id`=21;
UPDATE `p_cups` SET `name`='Группа В' WHERE `id`=22;
UPDATE `p_cups` SET `name`='Группа А' WHERE `id`=24;
UPDATE `p_cups` SET `name`='Группа Б' WHERE `id`=25;
UPDATE `p_cups` SET `name`='Группа А' WHERE `id`=27;
UPDATE `p_cups` SET `name`='Группа Б' WHERE `id`=28;
UPDATE `p_cups` SET `name`='Группа А' WHERE `id`=32;
UPDATE `p_cups` SET `name`='Группа Б' WHERE `id`=33;
UPDATE `p_cups` SET `name`='Группа В' WHERE `id`=34;
UPDATE `p_cups` SET `name`='Группа Г' WHERE `id`=35;
UPDATE `p_cups` SET `name`='Группа &Theta; / I' WHERE `id`=37;
UPDATE `p_cups` SET `name`='Группа &Lambda; / I' WHERE `id`=38;
UPDATE `p_cups` SET `name`='Группа &Xi; / II' WHERE `id`=39;
UPDATE `p_cups` SET `name`='Группа &Sigma; / I' WHERE `id`=40;
UPDATE `p_cups` SET `name`='Группа &Psi; / II' WHERE `id`=41;
UPDATE `p_cups` SET `name`='Группа &Omega; / II' WHERE `id`=42;
UPDATE `p_cups` SET `name`='Группа А' WHERE `id`=45;
UPDATE `p_cups` SET `name`='Группа Б' WHERE `id`=46;
UPDATE `p_cups` SET `name`='Группа В' WHERE `id`=47;
UPDATE `p_cups` SET `name`='Группа Г' WHERE `id`=48;
UPDATE `p_cups` SET `name`='Группа А' WHERE `id`=50;
UPDATE `p_cups` SET `name`='Группа Б' WHERE `id`=51;
UPDATE `p_cups` SET `name`='Группа В' WHERE `id`=52;
UPDATE `p_cups` SET `name`='Группа Г' WHERE `id`=53;
UPDATE `p_cups` SET `name`='Группа А' WHERE `id`=55;
UPDATE `p_cups` SET `name`='Группа Б' WHERE `id`=56;
UPDATE `p_cups` SET `name`='Группа В' WHERE `id`=57;
UPDATE `p_cups` SET `name`='Группа Г' WHERE `id`=58;

INSERT INTO  `p_leagues` (  `id` ,  `name` ,  `wiki` )
VALUES (
'',  'World Pipe Rating',  ''
);

ALTER TABLE  `p_games` CHANGE  `is_tech`  `is_tech` ENUM(  '0',  '1',  'f' );

INSERT INTO `p_games` VALUES (1, 1, 2, 0, 8, 11, 2, 1, '0000-00-00 00:00:00', '0');
INSERT INTO `p_games` VALUES (2, 1, 2, 0, 2, 3, 2, 1, '0000-00-00 00:00:00', '0');
INSERT INTO `p_games` VALUES (3, 1, 3, 0, 11, 3, 2, 10, '0000-00-00 00:00:00', '0');
INSERT INTO `p_games` VALUES (4, 1, 1, 0, 8, 2, 10, 12, '0000-00-00 00:00:00', '0');
INSERT INTO `p_games` VALUES (5, 1, 0, 0, 2, 3, 5, 3, '0000-00-00 00:00:00', '0');
INSERT INTO `p_games` VALUES (6, 1, 0, 0, 3, 2, 5, 3, '0000-00-00 00:00:00', '0');
INSERT INTO `p_games` VALUES (7, 1, 0, 0, 4, 2, 5, 9, '0000-00-00 00:00:00', '0');
INSERT INTO `p_games` VALUES (8, 1, 0, 0, 2, 4, 5, 3, '0000-00-00 00:00:00', '0');
INSERT INTO `p_games` VALUES (9, 1, 0, 0, 4, 3, 5, 3, '0000-00-00 00:00:00', '0');
INSERT INTO `p_games` VALUES (10, 1, 0, 0, 3, 4, 3, 5, '0000-00-00 00:00:00', '0');
INSERT INTO `p_games` VALUES (11, 1, 0, 0, 5, 2, 5, 3, '0000-00-00 00:00:00', '0');
INSERT INTO `p_games` VALUES (12, 1, 0, 0, 2, 5, 5, 3, '0000-00-00 00:00:00', '0');
INSERT INTO `p_games` VALUES (13, 1, 0, 0, 5, 3, 5, 9, '0000-00-00 00:00:00', '0');
INSERT INTO `p_games` VALUES (14, 1, 0, 0, 3, 5, 2, 5, '0000-00-00 00:00:00', '0');
INSERT INTO `p_games` VALUES (15, 1, 0, 0, 5, 4, 3, 5, '0000-00-00 00:00:00', '0');
INSERT INTO `p_games` VALUES (16, 1, 0, 0, 4, 5, 5, 3, '0000-00-00 00:00:00', '0');
INSERT INTO `p_games` VALUES (17, 1, 0, 0, 6, 2, 3, 5, '0000-00-00 00:00:00', '0');
INSERT INTO `p_games` VALUES (18, 1, 0, 0, 2, 6, 5, 2, '0000-00-00 00:00:00', '0');
INSERT INTO `p_games` VALUES (19, 1, 0, 0, 6, 3, 5, 9, '0000-00-00 00:00:00', '0');
INSERT INTO `p_games` VALUES (20, 1, 0, 0, 3, 6, 9, 5, '0000-00-00 00:00:00', '0');
INSERT INTO `p_games` VALUES (21, 1, 0, 0, 6, 4, 5, 3, '0000-00-00 00:00:00', '0');
INSERT INTO `p_games` VALUES (22, 1, 0, 0, 4, 6, 5, 2, '0000-00-00 00:00:00', '0');
INSERT INTO `p_games` VALUES (23, 1, 0, 0, 6, 5, 9, 5, '0000-00-00 00:00:00', '0');
INSERT INTO `p_games` VALUES (24, 1, 0, 0, 5, 6, 3, 5, '0000-00-00 00:00:00', '0');
INSERT INTO `p_games` VALUES (25, 1, 0, 0, 7, 2, 5, 2, '0000-00-00 00:00:00', '0');
INSERT INTO `p_games` VALUES (26, 1, 0, 0, 2, 7, 6, 4, '0000-00-00 00:00:00', '0');
INSERT INTO `p_games` VALUES (27, 1, 0, 0, 7, 3, 2, 5, '0000-00-00 00:00:00', '0');
INSERT INTO `p_games` VALUES (28, 1, 0, 0, 3, 7, 3, 5, '0000-00-00 00:00:00', '0');
INSERT INTO `p_games` VALUES (29, 1, 0, 0, 7, 4, 3, 5, '0000-00-00 00:00:00', '0');
INSERT INTO `p_games` VALUES (30, 1, 0, 0, 4, 7, 3, 5, '0000-00-00 00:00:00', '0');
INSERT INTO `p_games` VALUES (31, 1, 0, 0, 7, 5, 9, 5, '0000-00-00 00:00:00', '0');
INSERT INTO `p_games` VALUES (32, 1, 0, 0, 5, 7, 5, 9, '0000-00-00 00:00:00', '0');
INSERT INTO `p_games` VALUES (33, 1, 0, 0, 7, 6, 5, 3, '0000-00-00 00:00:00', '0');
INSERT INTO `p_games` VALUES (34, 1, 0, 0, 6, 7, 6, 4, '0000-00-00 00:00:00', '0');
INSERT INTO `p_games` VALUES (35, 1, 0, 0, 8, 2, 5, 9, '0000-00-00 00:00:00', '0');
INSERT INTO `p_games` VALUES (36, 1, 0, 0, 2, 8, 9, 5, '0000-00-00 00:00:00', '0');
INSERT INTO `p_games` VALUES (37, 1, 0, 0, 8, 3, 9, 5, '0000-00-00 00:00:00', '0');
INSERT INTO `p_games` VALUES (38, 1, 0, 0, 3, 8, 5, 2, '0000-00-00 00:00:00', '0');
INSERT INTO `p_games` VALUES (39, 1, 0, 0, 8, 4, 5, 3, '0000-00-00 00:00:00', '0');
INSERT INTO `p_games` VALUES (40, 1, 0, 0, 4, 8, 3, 5, '0000-00-00 00:00:00', '0');
INSERT INTO `p_games` VALUES (41, 1, 0, 0, 8, 5, 5, 1, '0000-00-00 00:00:00', '0');
INSERT INTO `p_games` VALUES (42, 1, 0, 0, 5, 8, 2, 5, '0000-00-00 00:00:00', '0');
INSERT INTO `p_games` VALUES (43, 1, 0, 0, 8, 6, 5, 2, '0000-00-00 00:00:00', '0');
INSERT INTO `p_games` VALUES (44, 1, 0, 0, 6, 8, 5, 2, '0000-00-00 00:00:00', '0');
INSERT INTO `p_games` VALUES (45, 1, 0, 0, 8, 7, 9, 5, '0000-00-00 00:00:00', '0');
INSERT INTO `p_games` VALUES (46, 1, 0, 0, 7, 8, 2, 5, '0000-00-00 00:00:00', '0');
INSERT INTO `p_games` VALUES (47, 1, 0, 0, 9, 2, 3, 5, '0000-00-00 00:00:00', '0');
INSERT INTO `p_games` VALUES (48, 1, 0, 0, 2, 9, 5, 2, '0000-00-00 00:00:00', '0');
INSERT INTO `p_games` VALUES (49, 1, 0, 0, 9, 3, 3, 5, '0000-00-00 00:00:00', '0');
INSERT INTO `p_games` VALUES (50, 1, 0, 0, 3, 9, 5, 2, '0000-00-00 00:00:00', '0');
INSERT INTO `p_games` VALUES (51, 1, 0, 0, 9, 4, 4, 6, '0000-00-00 00:00:00', '0');
INSERT INTO `p_games` VALUES (52, 1, 0, 0, 4, 9, 4, 6, '0000-00-00 00:00:00', '0');
INSERT INTO `p_games` VALUES (53, 1, 0, 0, 9, 5, 3, 5, '0000-00-00 00:00:00', '0');
INSERT INTO `p_games` VALUES (54, 1, 0, 0, 5, 9, 3, 5, '0000-00-00 00:00:00', '0');
INSERT INTO `p_games` VALUES (55, 1, 0, 0, 9, 6, 2, 5, '0000-00-00 00:00:00', '0');
INSERT INTO `p_games` VALUES (56, 1, 0, 0, 6, 9, 4, 6, '0000-00-00 00:00:00', '0');
INSERT INTO `p_games` VALUES (57, 1, 0, 0, 9, 7, 3, 5, '0000-00-00 00:00:00', '0');
INSERT INTO `p_games` VALUES (58, 1, 0, 0, 7, 9, 5, 1, '0000-00-00 00:00:00', '0');
INSERT INTO `p_games` VALUES (59, 1, 0, 0, 9, 8, 3, 5, '0000-00-00 00:00:00', '0');
INSERT INTO `p_games` VALUES (60, 1, 0, 0, 8, 9, 5, 3, '0000-00-00 00:00:00', '0');
INSERT INTO `p_games` VALUES (61, 1, 0, 0, 10, 2, 9, 5, '0000-00-00 00:00:00', '0');
INSERT INTO `p_games` VALUES (62, 1, 0, 0, 2, 10, 5, 2, '0000-00-00 00:00:00', '0');
INSERT INTO `p_games` VALUES (63, 1, 0, 0, 10, 3, 2, 5, '0000-00-00 00:00:00', '0');
INSERT INTO `p_games` VALUES (64, 1, 0, 0, 3, 10, 5, 3, '0000-00-00 00:00:00', '0');
INSERT INTO `p_games` VALUES (65, 1, 0, 0, 10, 4, 5, 3, '0000-00-00 00:00:00', '0');
INSERT INTO `p_games` VALUES (66, 1, 0, 0, 4, 10, 5, 9, '0000-00-00 00:00:00', '0');
INSERT INTO `p_games` VALUES (67, 1, 0, 0, 10, 5, 5, 0, '0000-00-00 00:00:00', '0');
INSERT INTO `p_games` VALUES (68, 1, 0, 0, 5, 10, 6, 4, '0000-00-00 00:00:00', '0');
INSERT INTO `p_games` VALUES (69, 1, 0, 0, 10, 6, 5, 3, '0000-00-00 00:00:00', '0');
INSERT INTO `p_games` VALUES (70, 1, 0, 0, 6, 10, 5, 9, '0000-00-00 00:00:00', '0');
INSERT INTO `p_games` VALUES (71, 1, 0, 0, 10, 7, 5, 3, '0000-00-00 00:00:00', '0');
INSERT INTO `p_games` VALUES (72, 1, 0, 0, 7, 10, 2, 5, '0000-00-00 00:00:00', '0');
INSERT INTO `p_games` VALUES (73, 1, 0, 0, 10, 8, 4, 6, '0000-00-00 00:00:00', '0');
INSERT INTO `p_games` VALUES (74, 1, 0, 0, 8, 10, 5, 9, '0000-00-00 00:00:00', '0');
INSERT INTO `p_games` VALUES (75, 1, 0, 0, 10, 9, 0, 5, '0000-00-00 00:00:00', '0');
INSERT INTO `p_games` VALUES (76, 1, 0, 0, 9, 10, 9, 5, '0000-00-00 00:00:00', '0');
INSERT INTO `p_games` VALUES (77, 1, 0, 0, 11, 2, 5, 3, '0000-00-00 00:00:00', '0');
INSERT INTO `p_games` VALUES (78, 1, 0, 0, 2, 11, 3, 5, '0000-00-00 00:00:00', '0');
INSERT INTO `p_games` VALUES (79, 1, 0, 0, 11, 3, 3, 5, '0000-00-00 00:00:00', '0');
INSERT INTO `p_games` VALUES (80, 1, 0, 0, 3, 11, 5, 9, '0000-00-00 00:00:00', '0');
INSERT INTO `p_games` VALUES (81, 1, 0, 0, 11, 4, 9, 5, '0000-00-00 00:00:00', '0');
INSERT INTO `p_games` VALUES (82, 1, 0, 0, 4, 11, 5, 1, '0000-00-00 00:00:00', '0');
INSERT INTO `p_games` VALUES (83, 1, 0, 0, 11, 5, 2, 5, '0000-00-00 00:00:00', '0');
INSERT INTO `p_games` VALUES (84, 1, 0, 0, 5, 11, 4, 6, '0000-00-00 00:00:00', '0');
INSERT INTO `p_games` VALUES (85, 1, 0, 0, 11, 6, 5, 3, '0000-00-00 00:00:00', '0');
INSERT INTO `p_games` VALUES (86, 1, 0, 0, 6, 11, 0, 5, '0000-00-00 00:00:00', '0');
INSERT INTO `p_games` VALUES (87, 1, 0, 0, 11, 7, 6, 4, '0000-00-00 00:00:00', '0');
INSERT INTO `p_games` VALUES (88, 1, 0, 0, 7, 11, 2, 5, '0000-00-00 00:00:00', '0');
INSERT INTO `p_games` VALUES (89, 1, 0, 0, 11, 8, 3, 5, '0000-00-00 00:00:00', '0');
INSERT INTO `p_games` VALUES (90, 1, 0, 0, 8, 11, 5, 2, '0000-00-00 00:00:00', '0');
INSERT INTO `p_games` VALUES (91, 1, 0, 0, 11, 9, 5, 2, '0000-00-00 00:00:00', '0');
INSERT INTO `p_games` VALUES (92, 1, 0, 0, 9, 11, 5, 2, '0000-00-00 00:00:00', '0');
INSERT INTO `p_games` VALUES (93, 1, 0, 0, 11, 10, 2, 5, '0000-00-00 00:00:00', '0');
INSERT INTO `p_games` VALUES (94, 1, 0, 0, 10, 11, 4, 6, '0000-00-00 00:00:00', '0');
INSERT INTO `p_games` VALUES (101, 2, 0, 0, 2, 10, 5, 2, '0000-00-00 00:00:00', '0');
INSERT INTO `p_games` VALUES (102, 2, 0, 0, 10, 2, 5, 3, '0000-00-00 00:00:00', '0');
INSERT INTO `p_games` VALUES (103, 2, 0, 0, 10, 8, 9, 5, '0000-00-00 00:00:00', '0');
INSERT INTO `p_games` VALUES (104, 2, 0, 0, 8, 10, 9, 5, '0000-00-00 00:00:00', '0');
INSERT INTO `p_games` VALUES (105, 2, 0, 0, 2, 8, 3, 5, '0000-00-00 00:00:00', '0');
INSERT INTO `p_games` VALUES (106, 2, 0, 0, 8, 2, 5, 2, '0000-00-00 00:00:00', '0');
INSERT INTO `p_games` VALUES (107, 2, 0, 0, 8, 3, 3, 5, '0000-00-00 00:00:00', '0');
INSERT INTO `p_games` VALUES (108, 2, 0, 0, 3, 8, 3, 5, '0000-00-00 00:00:00', '0');
INSERT INTO `p_games` VALUES (109, 2, 0, 0, 2, 3, 9, 5, '0000-00-00 00:00:00', '0');
INSERT INTO `p_games` VALUES (110, 2, 0, 0, 3, 2, 4, 6, '0000-00-00 00:00:00', '0');
INSERT INTO `p_games` VALUES (111, 2, 0, 0, 10, 3, 9, 5, '0000-00-00 00:00:00', '0');
INSERT INTO `p_games` VALUES (112, 2, 0, 0, 3, 10, 5, 9, '0000-00-00 00:00:00', '0');
INSERT INTO `p_games` VALUES (119, 3, 2, 0, 3, 11, 7, 10, '0000-00-00 00:00:00', '0');
INSERT INTO `p_games` VALUES (120, 3, 2, 0, 10, 2, 6, 10, '0000-00-00 00:00:00', '0');
INSERT INTO `p_games` VALUES (122, 3, 1, 0, 11, 2, 6, 10, '0000-00-00 00:00:00', '0');
INSERT INTO `p_games` VALUES (123, 3, 0, 0, 2, 1, 5, 1, '0000-00-00 00:00:00', '0');
INSERT INTO `p_games` VALUES (124, 3, 0, 0, 1, 3, 1, 5, '0000-00-00 00:00:00', '0');
INSERT INTO `p_games` VALUES (125, 3, 0, 0, 2, 3, 3, 5, '0000-00-00 00:00:00', '0');
INSERT INTO `p_games` VALUES (126, 3, 0, 0, 2, 8, 5, 1, '0000-00-00 00:00:00', '0');
INSERT INTO `p_games` VALUES (127, 3, 0, 0, 1, 8, 5, 9, '0000-00-00 00:00:00', '0');
INSERT INTO `p_games` VALUES (128, 3, 0, 0, 3, 8, 5, 2, '0000-00-00 00:00:00', '0');
INSERT INTO `p_games` VALUES (129, 3, 0, 0, 1, 10, 5, 9, '0000-00-00 00:00:00', '0');
INSERT INTO `p_games` VALUES (130, 3, 0, 0, 2, 10, 4, 6, '0000-00-00 00:00:00', '0');
INSERT INTO `p_games` VALUES (131, 3, 0, 0, 3, 10, 5, 9, '0000-00-00 00:00:00', '0');
INSERT INTO `p_games` VALUES (132, 3, 0, 0, 8, 10, 4, 6, '0000-00-00 00:00:00', '0');
INSERT INTO `p_games` VALUES (133, 3, 0, 0, 1, 11, 5, 1, '0000-00-00 00:00:00', '0');
INSERT INTO `p_games` VALUES (134, 3, 0, 0, 2, 11, 4, 6, '0000-00-00 00:00:00', '0');
INSERT INTO `p_games` VALUES (135, 3, 0, 0, 3, 11, 5, 3, '0000-00-00 00:00:00', '0');
INSERT INTO `p_games` VALUES (136, 3, 0, 0, 8, 11, 9, 5, '0000-00-00 00:00:00', '0');
INSERT INTO `p_games` VALUES (137, 3, 0, 0, 10, 11, 3, 5, '0000-00-00 00:00:00', '0');
INSERT INTO `p_games` VALUES (138, 4, 0, 0, 14, 25, 5, 2, '0000-00-00 00:00:00', '0');
INSERT INTO `p_games` VALUES (139, 4, 0, 0, 14, 23, 1, 5, '0000-00-00 00:00:00', '0');
INSERT INTO `p_games` VALUES (140, 4, 0, 0, 25, 23, 4, 6, '0000-00-00 00:00:00', '0');
INSERT INTO `p_games` VALUES (141, 4, 0, 0, 14, 26, 5, 3, '0000-00-00 00:00:00', '0');
INSERT INTO `p_games` VALUES (142, 4, 0, 0, 25, 26, 9, 5, '0000-00-00 00:00:00', '0');
INSERT INTO `p_games` VALUES (143, 4, 0, 0, 23, 26, 5, 9, '0000-00-00 00:00:00', '0');
INSERT INTO `p_games` VALUES (144, 4, 0, 0, 14, 20, 6, 4, '0000-00-00 00:00:00', '0');
INSERT INTO `p_games` VALUES (145, 4, 0, 0, 25, 20, 4, 6, '0000-00-00 00:00:00', '0');
INSERT INTO `p_games` VALUES (146, 4, 0, 0, 23, 20, 5, 3, '0000-00-00 00:00:00', '0');
INSERT INTO `p_games` VALUES (147, 4, 0, 0, 26, 20, 6, 4, '0000-00-00 00:00:00', '0');
INSERT INTO `p_games` VALUES (148, 5, 0, 0, 16, 18, 2, 5, '0000-00-00 00:00:00', '0');
INSERT INTO `p_games` VALUES (149, 5, 0, 0, 16, 24, 3, 5, '0000-00-00 00:00:00', '0');
INSERT INTO `p_games` VALUES (150, 5, 0, 0, 18, 24, 5, 9, '0000-00-00 00:00:00', '0');
INSERT INTO `p_games` VALUES (151, 5, 0, 0, 16, 12, 3, 5, '0000-00-00 00:00:00', '0');
INSERT INTO `p_games` VALUES (152, 5, 0, 0, 18, 12, 5, 3, '0000-00-00 00:00:00', '0');
INSERT INTO `p_games` VALUES (153, 5, 0, 0, 24, 12, 5, 9, '0000-00-00 00:00:00', '0');
INSERT INTO `p_games` VALUES (154, 5, 0, 0, 16, 19, 5, 9, '0000-00-00 00:00:00', '0');
INSERT INTO `p_games` VALUES (155, 5, 0, 0, 18, 19, 5, 3, '0000-00-00 00:00:00', '0');
INSERT INTO `p_games` VALUES (156, 5, 0, 0, 24, 19, 5, 2, '0000-00-00 00:00:00', '0');
INSERT INTO `p_games` VALUES (157, 5, 0, 0, 12, 19, 1, 5, '0000-00-00 00:00:00', '0');
INSERT INTO `p_games` VALUES (158, 5, 0, 0, 16, 27, 5, 9, '0000-00-00 00:00:00', '0');
INSERT INTO `p_games` VALUES (159, 5, 0, 0, 18, 27, 9, 5, '0000-00-00 00:00:00', '0');
INSERT INTO `p_games` VALUES (160, 5, 0, 0, 24, 27, 5, 3, '0000-00-00 00:00:00', '0');
INSERT INTO `p_games` VALUES (161, 5, 0, 0, 12, 27, 9, 5, '0000-00-00 00:00:00', '0');
INSERT INTO `p_games` VALUES (162, 5, 0, 0, 19, 27, 9, 5, '0000-00-00 00:00:00', '0');
INSERT INTO `p_games` VALUES (163, 6, 2, 0, 24, 14, 8, 10, '0000-00-00 00:00:00', '0');
INSERT INTO `p_games` VALUES (164, 6, 2, 0, 23, 18, 10, 12, '0000-00-00 00:00:00', '0');
INSERT INTO `p_games` VALUES (166, 6, 1, 0, 14, 18, 10, 6, '0000-00-00 00:00:00', '0');
INSERT INTO `p_games` VALUES (167, -6, 0, 0, 23, 14, 0, 0, '0000-00-00 00:00:00', '0');
INSERT INTO `p_games` VALUES (168, -6, 0, 0, 23, 24, 0, 0, '0000-00-00 00:00:00', '0');
INSERT INTO `p_games` VALUES (169, -6, 0, 0, 14, 24, 0, 0, '0000-00-00 00:00:00', '0');
INSERT INTO `p_games` VALUES (170, -6, 0, 0, 23, 18, 0, 0, '0000-00-00 00:00:00', '0');
INSERT INTO `p_games` VALUES (171, -6, 0, 0, 14, 18, 0, 0, '0000-00-00 00:00:00', '0');
INSERT INTO `p_games` VALUES (172, -6, 0, 0, 24, 18, 0, 0, '0000-00-00 00:00:00', '0');
INSERT INTO `p_games` VALUES (203, 9, 0, 8, 26, 4, 5, 3, '0000-00-00 00:00:00', '0');
INSERT INTO `p_games` VALUES (204, 9, 0, 1, 4, 26, 2, 5, '0000-00-00 00:00:00', '0');
INSERT INTO `p_games` VALUES (205, 9, 0, 3, 26, 9, 5, 2, '0000-00-00 00:00:00', '0');
INSERT INTO `p_games` VALUES (206, 9, 0, 10, 9, 26, 0, 5, '2009-03-21 00:00:00', '1');
INSERT INTO `p_games` VALUES (207, 9, 0, 9, 4, 9, 5, 0, '2009-03-21 00:00:00', '1');
INSERT INTO `p_games` VALUES (208, 9, 0, 2, 9, 4, 5, 3, '0000-00-00 00:00:00', '0');
INSERT INTO `p_games` VALUES (209, 9, 0, 9, 26, 8, 2, 5, '0000-00-00 00:00:00', '0');
INSERT INTO `p_games` VALUES (210, 9, 0, 2, 8, 26, 5, 9, '0000-00-00 00:00:00', '0');
INSERT INTO `p_games` VALUES (211, 9, 0, 3, 4, 8, 5, 3, '0000-00-00 00:00:00', '0');
INSERT INTO `p_games` VALUES (212, 9, 0, 10, 8, 4, 5, 9, '0000-00-00 00:00:00', '0');
INSERT INTO `p_games` VALUES (213, 9, 0, 1, 9, 8, 5, 9, '0000-00-00 00:00:00', '0');
INSERT INTO `p_games` VALUES (214, 9, 0, 8, 8, 9, 5, 3, '0000-00-00 00:00:00', '0');
INSERT INTO `p_games` VALUES (215, 9, 0, 7, 26, 30, 5, 3, '0000-00-00 00:00:00', '0');
INSERT INTO `p_games` VALUES (216, 9, 0, 14, 30, 26, 1, 5, '0000-00-00 00:00:00', '0');
INSERT INTO `p_games` VALUES (217, 9, 0, 11, 4, 30, 9, 5, '0000-00-00 00:00:00', '0');
INSERT INTO `p_games` VALUES (218, 9, 0, 4, 30, 4, 5, 9, '0000-00-00 00:00:00', '0');
INSERT INTO `p_games` VALUES (219, 9, 0, 13, 9, 30, 6, 4, '0000-00-00 00:00:00', '0');
INSERT INTO `p_games` VALUES (220, 9, 0, 6, 30, 9, 5, 9, '0000-00-00 00:00:00', '0');
INSERT INTO `p_games` VALUES (221, 9, 0, 5, 8, 30, 4, 6, '0000-00-00 00:00:00', '0');
INSERT INTO `p_games` VALUES (222, 9, 0, 12, 30, 8, 3, 5, '0000-00-00 00:00:00', '0');
INSERT INTO `p_games` VALUES (223, 9, 0, 11, 26, 12, 5, 1, '0000-00-00 00:00:00', '0');
INSERT INTO `p_games` VALUES (224, 9, 0, 4, 12, 26, 2, 5, '0000-00-00 00:00:00', '0');
INSERT INTO `p_games` VALUES (225, 9, 0, 5, 4, 12, 6, 4, '0000-00-00 00:00:00', '0');
INSERT INTO `p_games` VALUES (226, 9, 0, 12, 12, 4, 4, 6, '0000-00-00 00:00:00', '0');
INSERT INTO `p_games` VALUES (227, 9, 0, 7, 9, 12, 3, 5, '0000-00-00 00:00:00', '0');
INSERT INTO `p_games` VALUES (228, 9, 0, 14, 12, 9, 2, 5, '0000-00-00 00:00:00', '0');
INSERT INTO `p_games` VALUES (229, 9, 0, 13, 8, 12, 3, 5, '0000-00-00 00:00:00', '0');
INSERT INTO `p_games` VALUES (230, 9, 0, 6, 12, 8, 0, 5, '0000-00-00 00:00:00', '0');
INSERT INTO `p_games` VALUES (231, 9, 0, 1, 30, 12, 3, 5, '0000-00-00 00:00:00', '0');
INSERT INTO `p_games` VALUES (232, 9, 0, 8, 12, 30, 3, 5, '0000-00-00 00:00:00', '0');
INSERT INTO `p_games` VALUES (233, 10, 0, 8, 2, 10, 5, 2, '0000-00-00 00:00:00', '0');
INSERT INTO `p_games` VALUES (234, 10, 0, 1, 10, 2, 5, 3, '0000-00-00 00:00:00', '0');
INSERT INTO `p_games` VALUES (235, 10, 0, 3, 2, 14, 5, 2, '0000-00-00 00:00:00', '0');
INSERT INTO `p_games` VALUES (236, 10, 0, 10, 14, 2, 5, 9, '0000-00-00 00:00:00', '0');
INSERT INTO `p_games` VALUES (237, 10, 0, 9, 10, 14, 5, 2, '0000-00-00 00:00:00', '0');
INSERT INTO `p_games` VALUES (238, 10, 0, 2, 14, 10, 5, 1, '0000-00-00 00:00:00', '0');
INSERT INTO `p_games` VALUES (239, 10, 0, 9, 2, 25, 5, 1, '0000-00-00 00:00:00', '0');
INSERT INTO `p_games` VALUES (240, 10, 0, 2, 25, 2, 0, 5, '0000-00-00 00:00:00', '0');
INSERT INTO `p_games` VALUES (241, 10, 0, 3, 10, 25, 6, 4, '0000-00-00 00:00:00', '0');
INSERT INTO `p_games` VALUES (242, 10, 0, 10, 25, 10, 2, 5, '0000-00-00 00:00:00', '0');
INSERT INTO `p_games` VALUES (243, 10, 0, 1, 14, 25, 5, 3, '0000-00-00 00:00:00', '0');
INSERT INTO `p_games` VALUES (244, 10, 0, 8, 25, 14, 3, 5, '0000-00-00 00:00:00', '0');
INSERT INTO `p_games` VALUES (245, 10, 0, 7, 2, 24, 6, 4, '0000-00-00 00:00:00', '0');
INSERT INTO `p_games` VALUES (246, 10, 0, 14, 24, 2, 2, 5, '0000-00-00 00:00:00', '0');
INSERT INTO `p_games` VALUES (247, 10, 0, 11, 10, 24, 5, 2, '0000-00-00 00:00:00', '0');
INSERT INTO `p_games` VALUES (248, 10, 0, 4, 24, 10, 3, 5, '0000-00-00 00:00:00', '0');
INSERT INTO `p_games` VALUES (249, 10, 0, 13, 14, 24, 3, 5, '0000-00-00 00:00:00', '0');
INSERT INTO `p_games` VALUES (250, 10, 0, 6, 24, 14, 4, 6, '0000-00-00 00:00:00', '0');
INSERT INTO `p_games` VALUES (251, 10, 0, 5, 25, 24, 5, 1, '0000-00-00 00:00:00', '0');
INSERT INTO `p_games` VALUES (252, 10, 0, 12, 24, 25, 0, 5, '0000-00-00 00:00:00', 'f');
INSERT INTO `p_games` VALUES (293, 8, 0, 1, 29, 1, 9, 5, '0000-00-00 00:00:00', '0');
INSERT INTO `p_games` VALUES (294, 8, 0, 8, 1, 29, 5, 9, '0000-00-00 00:00:00', '0');
INSERT INTO `p_games` VALUES (295, 8, 0, 9, 29, 5, 5, 0, '2009-03-21 00:00:00', '1');
INSERT INTO `p_games` VALUES (296, 8, 0, 2, 5, 29, 6, 4, '0000-00-00 00:00:00', '0');
INSERT INTO `p_games` VALUES (297, 8, 0, 3, 1, 5, 3, 5, '0000-00-00 00:00:00', '0');
INSERT INTO `p_games` VALUES (298, 8, 0, 10, 5, 1, 4, 6, '0000-00-00 00:00:00', '0');
INSERT INTO `p_games` VALUES (299, 8, 0, 3, 29, 20, 5, 1, '0000-00-00 00:00:00', '0');
INSERT INTO `p_games` VALUES (300, 8, 0, 10, 20, 29, 4, 6, '0000-00-00 00:00:00', '0');
INSERT INTO `p_games` VALUES (301, 8, 0, 9, 1, 20, 5, 2, '0000-00-00 00:00:00', '0');
INSERT INTO `p_games` VALUES (302, 8, 0, 2, 20, 1, 3, 5, '0000-00-00 00:00:00', '0');
INSERT INTO `p_games` VALUES (303, 8, 0, 1, 5, 20, 4, 6, '0000-00-00 00:00:00', '0');
INSERT INTO `p_games` VALUES (304, 8, 0, 8, 20, 5, 3, 5, '0000-00-00 00:00:00', '0');
INSERT INTO `p_games` VALUES (305, 8, 0, 11, 29, 3, 5, 1, '0000-00-00 00:00:00', '0');
INSERT INTO `p_games` VALUES (306, 8, 0, 4, 3, 29, 9, 5, '0000-00-00 00:00:00', '0');
INSERT INTO `p_games` VALUES (307, 8, 0, 7, 1, 3, 9, 5, '0000-00-00 00:00:00', '0');
INSERT INTO `p_games` VALUES (308, 8, 0, 14, 3, 1, 5, 9, '0000-00-00 00:00:00', '0');
INSERT INTO `p_games` VALUES (309, 8, 0, 13, 5, 3, 0, 5, '2009-03-21 00:00:00', '1');
INSERT INTO `p_games` VALUES (310, 8, 0, 6, 3, 5, 5, 9, '0000-00-00 00:00:00', '0');
INSERT INTO `p_games` VALUES (311, 8, 0, 5, 20, 3, 9, 5, '0000-00-00 00:00:00', '0');
INSERT INTO `p_games` VALUES (312, 8, 0, 12, 3, 20, 6, 4, '0000-00-00 00:00:00', '0');
INSERT INTO `p_games` VALUES (313, 8, 0, 5, 29, 11, 5, 3, '0000-00-00 00:00:00', '0');
INSERT INTO `p_games` VALUES (314, 8, 0, 12, 11, 29, 2, 5, '0000-00-00 00:00:00', '0');
INSERT INTO `p_games` VALUES (315, 8, 0, 1, 3, 11, 3, 5, '0000-00-00 00:00:00', '0');
INSERT INTO `p_games` VALUES (316, 8, 0, 8, 11, 3, 5, 3, '0000-00-00 00:00:00', '0');
INSERT INTO `p_games` VALUES (317, 8, 0, 11, 1, 11, 9, 5, '0000-00-00 00:00:00', '0');
INSERT INTO `p_games` VALUES (318, 8, 0, 4, 11, 1, 5, 9, '0000-00-00 00:00:00', '0');
INSERT INTO `p_games` VALUES (319, 8, 0, 7, 5, 11, 2, 5, '0000-00-00 00:00:00', '0');
INSERT INTO `p_games` VALUES (320, 8, 0, 14, 11, 5, 5, 1, '0000-00-00 00:00:00', '0');
INSERT INTO `p_games` VALUES (321, 8, 0, 13, 20, 11, 5, 9, '0000-00-00 00:00:00', '0');
INSERT INTO `p_games` VALUES (322, 8, 0, 6, 11, 20, 5, 2, '0000-00-00 00:00:00', '0');
INSERT INTO `p_games` VALUES (323, 10, 0, 11, 2, 32, 5, 3, '0000-00-00 00:00:00', '0');
INSERT INTO `p_games` VALUES (324, 10, 0, 4, 32, 2, 1, 5, '0000-00-00 00:00:00', '0');
INSERT INTO `p_games` VALUES (325, 10, 0, 5, 10, 32, 3, 5, '0000-00-00 00:00:00', '0');
INSERT INTO `p_games` VALUES (326, 10, 0, 12, 32, 10, 4, 6, '0000-00-00 00:00:00', '0');
INSERT INTO `p_games` VALUES (327, 10, 0, 7, 14, 32, 1, 5, '0000-00-00 00:00:00', '0');
INSERT INTO `p_games` VALUES (328, 10, 0, 14, 32, 14, 5, 2, '0000-00-00 00:00:00', '0');
INSERT INTO `p_games` VALUES (329, 10, 0, 13, 25, 32, 6, 4, '0000-00-00 00:00:00', '0');
INSERT INTO `p_games` VALUES (330, 10, 0, 6, 32, 25, 5, 9, '0000-00-00 00:00:00', '0');
INSERT INTO `p_games` VALUES (331, 10, 0, 1, 24, 32, 5, 2, '0000-00-00 00:00:00', '0');
INSERT INTO `p_games` VALUES (332, 10, 0, 8, 32, 24, 5, 1, '0000-00-00 00:00:00', '0');
INSERT INTO `p_games` VALUES (333, 10, 0, 5, 2, 13, 9, 5, '0000-00-00 00:00:00', '0');
INSERT INTO `p_games` VALUES (334, 10, 0, 12, 13, 2, 5, 9, '0000-00-00 00:00:00', '0');
INSERT INTO `p_games` VALUES (335, 10, 0, 13, 10, 13, 5, 2, '0000-00-00 00:00:00', '0');
INSERT INTO `p_games` VALUES (336, 10, 0, 6, 13, 10, 4, 6, '0000-00-00 00:00:00', '0');
INSERT INTO `p_games` VALUES (337, 10, 0, 11, 14, 13, 3, 5, '0000-00-00 00:00:00', '0');
INSERT INTO `p_games` VALUES (338, 10, 0, 4, 13, 14, 5, 3, '0000-00-00 00:00:00', '0');
INSERT INTO `p_games` VALUES (339, 10, 0, 7, 25, 13, 4, 6, '0000-00-00 00:00:00', '0');
INSERT INTO `p_games` VALUES (340, 10, 0, 14, 13, 25, 9, 5, '0000-00-00 00:00:00', '0');
INSERT INTO `p_games` VALUES (341, 10, 0, 9, 24, 13, 5, 3, '0000-00-00 00:00:00', '0');
INSERT INTO `p_games` VALUES (342, 10, 0, 2, 13, 24, 3, 5, '0000-00-00 00:00:00', '0');
INSERT INTO `p_games` VALUES (343, 10, 0, 3, 32, 13, 5, 3, '0000-00-00 00:00:00', '0');
INSERT INTO `p_games` VALUES (344, 10, 0, 10, 13, 32, 5, 3, '0000-00-00 00:00:00', '0');
INSERT INTO `p_games` VALUES (345, 9, 0, 5, 26, 6, 2, 5, '0000-00-00 00:00:00', '0');
INSERT INTO `p_games` VALUES (346, 9, 0, 12, 6, 26, 4, 6, '0000-00-00 00:00:00', '0');
INSERT INTO `p_games` VALUES (347, 9, 0, 13, 4, 6, 2, 5, '0000-00-00 00:00:00', '0');
INSERT INTO `p_games` VALUES (348, 9, 0, 6, 6, 4, 5, 1, '0000-00-00 00:00:00', '0');
INSERT INTO `p_games` VALUES (349, 9, 0, 11, 9, 6, 6, 4, '0000-00-00 00:00:00', '0');
INSERT INTO `p_games` VALUES (350, 9, 0, 4, 6, 9, 5, 3, '0000-00-00 00:00:00', '0');
INSERT INTO `p_games` VALUES (351, 9, 0, 7, 8, 6, 5, 3, '0000-00-00 00:00:00', '0');
INSERT INTO `p_games` VALUES (352, 9, 0, 14, 6, 8, 2, 5, '0000-00-00 00:00:00', '0');
INSERT INTO `p_games` VALUES (353, 9, 0, 9, 30, 6, 1, 5, '0000-00-00 00:00:00', '0');
INSERT INTO `p_games` VALUES (354, 9, 0, 2, 6, 30, 5, 2, '0000-00-00 00:00:00', '0');
INSERT INTO `p_games` VALUES (355, 9, 0, 3, 12, 6, 5, 9, '0000-00-00 00:00:00', '0');
INSERT INTO `p_games` VALUES (356, 9, 0, 10, 6, 12, 5, 2, '0000-00-00 00:00:00', '0');
INSERT INTO `p_games` VALUES (357, 8, 0, 13, 29, 23, 9, 5, '0000-00-00 00:00:00', '0');
INSERT INTO `p_games` VALUES (358, 8, 0, 6, 23, 29, 0, 5, '2009-03-21 00:00:00', '1');
INSERT INTO `p_games` VALUES (359, 8, 0, 9, 3, 23, 5, 3, '0000-00-00 00:00:00', '0');
INSERT INTO `p_games` VALUES (360, 8, 0, 2, 23, 3, 5, 2, '0000-00-00 00:00:00', '0');
INSERT INTO `p_games` VALUES (361, 8, 0, 5, 1, 23, 5, 0, '2009-03-21 00:00:00', '1');
INSERT INTO `p_games` VALUES (362, 8, 0, 12, 23, 1, 0, 5, '2009-03-21 00:00:00', '1');
INSERT INTO `p_games` VALUES (363, 8, 0, 11, 5, 23, 5, 5, '2009-03-21 00:00:00', '1');
INSERT INTO `p_games` VALUES (364, 8, 0, 4, 23, 5, 5, 5, '2009-03-21 00:00:00', '1');
INSERT INTO `p_games` VALUES (365, 8, 0, 7, 20, 23, 5, 0, '2009-03-21 00:00:00', '1');
INSERT INTO `p_games` VALUES (366, 8, 0, 14, 23, 20, 0, 5, '2009-03-21 00:00:00', '1');
INSERT INTO `p_games` VALUES (367, 8, 0, 3, 11, 23, 5, 9, '0000-00-00 00:00:00', '0');
INSERT INTO `p_games` VALUES (368, 8, 0, 10, 23, 11, 4, 6, '0000-00-00 00:00:00', '0');
INSERT INTO `p_games` VALUES (369, 11, 2, 0, 3, 8, 6, 10, '0000-00-00 00:00:00', '0');
INSERT INTO `p_games` VALUES (370, 11, 2, 0, 4, 11, 7, 10, '0000-00-00 00:00:00', '0');
INSERT INTO `p_games` VALUES (371, 11, 3, 0, 3, 4, 7, 10, '0000-00-00 00:00:00', '0');
INSERT INTO `p_games` VALUES (372, 11, 1, 0, 8, 11, 10, 5, '0000-00-00 00:00:00', '0');
INSERT INTO `p_games` VALUES (373, 12, 0, 0, 20, 4, 5, 9, '0000-00-00 00:00:00', '0');
INSERT INTO `p_games` VALUES (374, 12, 0, 0, 20, 18, 3, 5, '0000-00-00 00:00:00', '0');
INSERT INTO `p_games` VALUES (375, 12, 0, 0, 4, 18, 5, 9, '0000-00-00 00:00:00', '0');
INSERT INTO `p_games` VALUES (376, 12, 0, 0, 20, 23, 5, 0, '0000-00-00 00:00:00', '0');
INSERT INTO `p_games` VALUES (377, 12, 0, 0, 4, 23, 5, 3, '0000-00-00 00:00:00', '0');
INSERT INTO `p_games` VALUES (378, 12, 0, 0, 18, 23, 3, 5, '0000-00-00 00:00:00', '0');
INSERT INTO `p_games` VALUES (379, 13, 0, 0, 3, 33, 5, 2, '0000-00-00 00:00:00', '0');
INSERT INTO `p_games` VALUES (380, 13, 0, 0, 3, 2, 6, 4, '0000-00-00 00:00:00', '0');
INSERT INTO `p_games` VALUES (381, 13, 0, 0, 33, 2, 5, 3, '0000-00-00 00:00:00', '0');
INSERT INTO `p_games` VALUES (382, 13, 0, 0, 3, 1, 5, 9, '0000-00-00 00:00:00', '0');
INSERT INTO `p_games` VALUES (383, 13, 0, 0, 33, 1, 9, 5, '0000-00-00 00:00:00', '0');
INSERT INTO `p_games` VALUES (384, 13, 0, 0, 2, 1, 5, 3, '0000-00-00 00:00:00', '0');
INSERT INTO `p_games` VALUES (385, 14, 0, 0, 34, 11, 3, 5, '0000-00-00 00:00:00', '0');
INSERT INTO `p_games` VALUES (386, 14, 0, 0, 34, 35, 5, 2, '0000-00-00 00:00:00', '0');
INSERT INTO `p_games` VALUES (387, 14, 0, 0, 11, 35, 5, 2, '0000-00-00 00:00:00', '0');
INSERT INTO `p_games` VALUES (388, 14, 0, 0, 34, 19, 2, 5, '0000-00-00 00:00:00', '0');
INSERT INTO `p_games` VALUES (389, 14, 0, 0, 11, 19, 9, 5, '0000-00-00 00:00:00', '0');
INSERT INTO `p_games` VALUES (390, 14, 0, 0, 35, 19, 1, 5, '0000-00-00 00:00:00', '0');
INSERT INTO `p_games` VALUES (391, 15, 0, 0, 6, 36, 6, 4, '0000-00-00 00:00:00', '0');
INSERT INTO `p_games` VALUES (392, 15, 0, 0, 6, 8, 1, 5, '0000-00-00 00:00:00', '0');
INSERT INTO `p_games` VALUES (393, 15, 0, 0, 36, 8, 1, 5, '0000-00-00 00:00:00', '0');
INSERT INTO `p_games` VALUES (394, 7, 4, 0, 10, 6, 10, 0, '0000-00-00 00:00:00', '0');
INSERT INTO `p_games` VALUES (395, 7, 4, 0, 2, 29, 10, 4, '0000-00-00 00:00:00', '0');
INSERT INTO `p_games` VALUES (396, 7, 4, 0, 26, 8, 5, 10, '0000-00-00 00:00:00', '0');
INSERT INTO `p_games` VALUES (397, 7, 4, 0, 11, 1, 4, 10, '0000-00-00 00:00:00', '0');
INSERT INTO `p_games` VALUES (398, 7, 2, 0, 10, 2, 10, 8, '0000-00-00 00:00:00', '0');
INSERT INTO `p_games` VALUES (399, 7, 2, 0, 8, 1, 13, 15, '0000-00-00 00:00:00', '0');
INSERT INTO `p_games` VALUES (400, 7, 1, 0, 10, 1, 10, 8, '0000-00-00 00:00:00', '0');
INSERT INTO `p_games` VALUES (401, 7, 3, 0, 2, 8, 10, 8, '0000-00-00 00:00:00', '0');
INSERT INTO `p_games` VALUES (402, 17, 0, 0, 8, 3, 5, 3, '0000-00-00 00:00:00', '0');
INSERT INTO `p_games` VALUES (403, 17, 0, 0, 8, 1, 1, 5, '0000-00-00 00:00:00', '0');
INSERT INTO `p_games` VALUES (404, 17, 0, 0, 3, 1, 5, 3, '0000-00-00 00:00:00', '0');
INSERT INTO `p_games` VALUES (405, 17, 0, 0, 8, 20, 5, 2, '0000-00-00 00:00:00', '0');
INSERT INTO `p_games` VALUES (406, 17, 0, 0, 3, 20, 5, 3, '0000-00-00 00:00:00', '0');
INSERT INTO `p_games` VALUES (407, 17, 0, 0, 1, 20, 5, 3, '0000-00-00 00:00:00', '0');
INSERT INTO `p_games` VALUES (408, 17, 0, 0, 8, 19, 3, 5, '0000-00-00 00:00:00', '0');
INSERT INTO `p_games` VALUES (409, 17, 0, 0, 3, 19, 5, 9, '0000-00-00 00:00:00', '0');
INSERT INTO `p_games` VALUES (410, 17, 0, 0, 1, 19, 5, 3, '0000-00-00 00:00:00', '0');
INSERT INTO `p_games` VALUES (411, 17, 0, 0, 20, 19, 9, 5, '0000-00-00 00:00:00', '0');
INSERT INTO `p_games` VALUES (412, 17, 0, 0, 8, 30, 5, 0, '0000-00-00 00:00:00', '0');
INSERT INTO `p_games` VALUES (413, 17, 0, 0, 3, 30, 5, 3, '0000-00-00 00:00:00', '0');
INSERT INTO `p_games` VALUES (414, 17, 0, 0, 1, 30, 9, 5, '0000-00-00 00:00:00', '0');
INSERT INTO `p_games` VALUES (415, 17, 0, 0, 20, 30, 9, 5, '0000-00-00 00:00:00', '0');
INSERT INTO `p_games` VALUES (416, 17, 0, 0, 19, 30, 5, 1, '0000-00-00 00:00:00', '0');
INSERT INTO `p_games` VALUES (417, 17, 0, 0, 8, 42, 9, 5, '0000-00-00 00:00:00', '0');
INSERT INTO `p_games` VALUES (418, 17, 0, 0, 3, 42, 6, 4, '0000-00-00 00:00:00', '0');
INSERT INTO `p_games` VALUES (419, 17, 0, 0, 1, 42, 3, 5, '0000-00-00 00:00:00', '0');
INSERT INTO `p_games` VALUES (420, 17, 0, 0, 20, 42, 9, 5, '0000-00-00 00:00:00', '0');
INSERT INTO `p_games` VALUES (421, 17, 0, 0, 19, 42, 9, 5, '0000-00-00 00:00:00', '0');
INSERT INTO `p_games` VALUES (422, 17, 0, 0, 30, 42, 0, 5, '0000-00-00 00:00:00', '0');
INSERT INTO `p_games` VALUES (423, 18, 0, 0, 2, 11, 6, 4, '0000-00-00 00:00:00', '0');
INSERT INTO `p_games` VALUES (424, 18, 0, 0, 2, 26, 3, 5, '0000-00-00 00:00:00', '0');
INSERT INTO `p_games` VALUES (425, 18, 0, 0, 11, 26, 5, 3, '0000-00-00 00:00:00', '0');
INSERT INTO `p_games` VALUES (426, 18, 0, 0, 2, 4, 1, 5, '0000-00-00 00:00:00', '0');
INSERT INTO `p_games` VALUES (427, 18, 0, 0, 11, 4, 6, 4, '0000-00-00 00:00:00', '0');
INSERT INTO `p_games` VALUES (428, 18, 0, 0, 26, 4, 6, 4, '0000-00-00 00:00:00', '0');
INSERT INTO `p_games` VALUES (429, 18, 0, 0, 2, 18, 5, 3, '0000-00-00 00:00:00', '0');
INSERT INTO `p_games` VALUES (430, 18, 0, 0, 11, 18, 5, 2, '0000-00-00 00:00:00', '0');
INSERT INTO `p_games` VALUES (431, 18, 0, 0, 26, 18, 2, 5, '0000-00-00 00:00:00', '0');
INSERT INTO `p_games` VALUES (432, 18, 0, 0, 4, 18, 5, 1, '0000-00-00 00:00:00', '0');
INSERT INTO `p_games` VALUES (433, 18, 0, 0, 2, 43, 5, 3, '0000-00-00 00:00:00', '0');
INSERT INTO `p_games` VALUES (434, 18, 0, 0, 11, 43, 6, 4, '0000-00-00 00:00:00', '0');
INSERT INTO `p_games` VALUES (435, 18, 0, 0, 26, 43, 5, 2, '0000-00-00 00:00:00', '0');
INSERT INTO `p_games` VALUES (436, 18, 0, 0, 4, 43, 2, 5, '0000-00-00 00:00:00', '0');
INSERT INTO `p_games` VALUES (437, 18, 0, 0, 18, 43, 3, 5, '0000-00-00 00:00:00', '0');
INSERT INTO `p_games` VALUES (438, 18, 0, 0, 2, 44, 5, 0, '0000-00-00 00:00:00', '0');
INSERT INTO `p_games` VALUES (439, 18, 0, 0, 11, 44, 9, 5, '0000-00-00 00:00:00', '0');
INSERT INTO `p_games` VALUES (440, 18, 0, 0, 26, 44, 5, 1, '0000-00-00 00:00:00', '0');
INSERT INTO `p_games` VALUES (441, 18, 0, 0, 4, 44, 6, 4, '0000-00-00 00:00:00', '0');
INSERT INTO `p_games` VALUES (442, 18, 0, 0, 18, 44, 5, 3, '0000-00-00 00:00:00', '0');
INSERT INTO `p_games` VALUES (443, 18, 0, 0, 43, 44, 5, 2, '0000-00-00 00:00:00', '0');
INSERT INTO `p_games` VALUES (444, 16, 4, 0, 3, 43, 9, 11, '2009-04-26 00:00:00', '0');
INSERT INTO `p_games` VALUES (445, 16, 4, 0, 8, 26, 15, 17, '2009-04-26 00:00:00', '0');
INSERT INTO `p_games` VALUES (446, 16, 4, 0, 1, 2, 4, 10, '2009-04-26 00:00:00', '0');
INSERT INTO `p_games` VALUES (447, 16, 4, 0, 19, 11, 3, 10, '2009-04-26 00:00:00', '0');
INSERT INTO `p_games` VALUES (448, 16, 2, 0, 43, 26, 6, 10, '2009-04-26 00:00:00', '0');
INSERT INTO `p_games` VALUES (449, 16, 2, 0, 2, 11, 10, 4, '2009-04-26 00:00:00', '0');
INSERT INTO `p_games` VALUES (450, 16, 1, 0, 26, 2, 7, 10, '2009-04-26 00:00:00', '0');
INSERT INTO `p_games` VALUES (451, 16, 3, 0, 43, 11, 10, 7, '2009-04-26 00:00:00', '0');
INSERT INTO `p_games` VALUES (452, 20, 0, 0, 46, 47, 5, 9, '0000-00-00 00:00:00', '0');
INSERT INTO `p_games` VALUES (453, 20, 0, 0, 46, 48, 5, 3, '0000-00-00 00:00:00', '0');
INSERT INTO `p_games` VALUES (454, 20, 0, 0, 47, 48, 5, 9, '0000-00-00 00:00:00', '0');
INSERT INTO `p_games` VALUES (455, 20, 0, 0, 46, 2, 4, 6, '0000-00-00 00:00:00', '0');
INSERT INTO `p_games` VALUES (456, 20, 0, 0, 47, 2, 5, 9, '0000-00-00 00:00:00', '0');
INSERT INTO `p_games` VALUES (457, 20, 0, 0, 48, 2, 5, 3, '0000-00-00 00:00:00', '0');
INSERT INTO `p_games` VALUES (458, 20, 0, 0, 46, 45, 5, 3, '0000-00-00 00:00:00', '0');
INSERT INTO `p_games` VALUES (459, 20, 0, 0, 47, 45, 5, 2, '0000-00-00 00:00:00', '0');
INSERT INTO `p_games` VALUES (460, 20, 0, 0, 48, 45, 5, 3, '0000-00-00 00:00:00', '0');
INSERT INTO `p_games` VALUES (461, 20, 0, 0, 2, 45, 1, 5, '0000-00-00 00:00:00', '0');
INSERT INTO `p_games` VALUES (462, 20, 0, 0, 46, 3, 5, 3, '0000-00-00 00:00:00', '0');
INSERT INTO `p_games` VALUES (463, 20, 0, 0, 47, 3, 3, 5, '0000-00-00 00:00:00', '0');
INSERT INTO `p_games` VALUES (464, 20, 0, 0, 48, 3, 5, 1, '0000-00-00 00:00:00', '0');
INSERT INTO `p_games` VALUES (465, 20, 0, 0, 2, 3, 5, 1, '0000-00-00 00:00:00', '0');
INSERT INTO `p_games` VALUES (466, 20, 0, 0, 45, 3, 3, 5, '0000-00-00 00:00:00', '0');
INSERT INTO `p_games` VALUES (467, 20, 0, 0, 46, 12, 5, 3, '0000-00-00 00:00:00', '0');
INSERT INTO `p_games` VALUES (468, 20, 0, 0, 47, 12, 5, 9, '0000-00-00 00:00:00', '0');
INSERT INTO `p_games` VALUES (469, 20, 0, 0, 48, 12, 9, 5, '0000-00-00 00:00:00', '0');
INSERT INTO `p_games` VALUES (470, 20, 0, 0, 2, 12, 5, 2, '0000-00-00 00:00:00', '0');
INSERT INTO `p_games` VALUES (471, 20, 0, 0, 45, 12, 4, 6, '0000-00-00 00:00:00', '0');
INSERT INTO `p_games` VALUES (472, 20, 0, 0, 3, 12, 3, 5, '0000-00-00 00:00:00', '0');
INSERT INTO `p_games` VALUES (473, 21, 0, 0, 11, 26, 5, 9, '0000-00-00 00:00:00', '0');
INSERT INTO `p_games` VALUES (474, 21, 0, 0, 11, 10, 3, 5, '0000-00-00 00:00:00', '0');
INSERT INTO `p_games` VALUES (475, 21, 0, 0, 26, 10, 3, 5, '0000-00-00 00:00:00', '0');
INSERT INTO `p_games` VALUES (476, 21, 0, 0, 11, 49, 5, 1, '0000-00-00 00:00:00', '0');
INSERT INTO `p_games` VALUES (477, 21, 0, 0, 26, 49, 5, 3, '0000-00-00 00:00:00', '0');
INSERT INTO `p_games` VALUES (478, 21, 0, 0, 10, 49, 5, 1, '0000-00-00 00:00:00', '0');
INSERT INTO `p_games` VALUES (479, 21, 0, 0, 11, 50, 5, 9, '0000-00-00 00:00:00', '0');
INSERT INTO `p_games` VALUES (480, 21, 0, 0, 26, 50, 9, 5, '0000-00-00 00:00:00', '0');
INSERT INTO `p_games` VALUES (481, 21, 0, 0, 10, 50, 2, 5, '0000-00-00 00:00:00', '0');
INSERT INTO `p_games` VALUES (482, 21, 0, 0, 49, 50, 3, 5, '0000-00-00 00:00:00', '0');
INSERT INTO `p_games` VALUES (483, 21, 0, 0, 11, 13, 5, 9, '0000-00-00 00:00:00', '0');
INSERT INTO `p_games` VALUES (484, 21, 0, 0, 26, 13, 4, 6, '0000-00-00 00:00:00', '0');
INSERT INTO `p_games` VALUES (485, 21, 0, 0, 10, 13, 1, 5, '0000-00-00 00:00:00', '0');
INSERT INTO `p_games` VALUES (486, 21, 0, 0, 49, 13, 1, 5, '0000-00-00 00:00:00', '0');
INSERT INTO `p_games` VALUES (487, 21, 0, 0, 50, 13, 5, 2, '0000-00-00 00:00:00', '0');
INSERT INTO `p_games` VALUES (488, 21, 0, 0, 11, 54, 5, 3, '0000-00-00 00:00:00', '0');
INSERT INTO `p_games` VALUES (489, 21, 0, 0, 26, 54, 5, 2, '0000-00-00 00:00:00', '0');
INSERT INTO `p_games` VALUES (490, 21, 0, 0, 10, 54, 9, 5, '0000-00-00 00:00:00', '0');
INSERT INTO `p_games` VALUES (491, 21, 0, 0, 49, 54, 5, 1, '0000-00-00 00:00:00', '0');
INSERT INTO `p_games` VALUES (492, 21, 0, 0, 50, 54, 9, 5, '0000-00-00 00:00:00', '0');
INSERT INTO `p_games` VALUES (493, 21, 0, 0, 13, 54, 5, 2, '0000-00-00 00:00:00', '0');
INSERT INTO `p_games` VALUES (494, 22, 0, 0, 51, 5, 3, 5, '0000-00-00 00:00:00', '0');
INSERT INTO `p_games` VALUES (495, 22, 0, 0, 51, 9, 3, 5, '0000-00-00 00:00:00', '0');
INSERT INTO `p_games` VALUES (496, 22, 0, 0, 5, 9, 9, 5, '0000-00-00 00:00:00', '0');
INSERT INTO `p_games` VALUES (497, 22, 0, 0, 51, 42, 5, 2, '0000-00-00 00:00:00', '0');
INSERT INTO `p_games` VALUES (498, 22, 0, 0, 5, 42, 5, 3, '0000-00-00 00:00:00', '0');
INSERT INTO `p_games` VALUES (499, 22, 0, 0, 9, 42, 5, 3, '0000-00-00 00:00:00', '0');
INSERT INTO `p_games` VALUES (500, 22, 0, 0, 51, 52, 4, 6, '0000-00-00 00:00:00', '0');
INSERT INTO `p_games` VALUES (501, 22, 0, 0, 5, 52, 2, 5, '0000-00-00 00:00:00', '0');
INSERT INTO `p_games` VALUES (502, 22, 0, 0, 9, 52, 5, 2, '0000-00-00 00:00:00', '0');
INSERT INTO `p_games` VALUES (503, 22, 0, 0, 42, 52, 5, 3, '0000-00-00 00:00:00', '0');
INSERT INTO `p_games` VALUES (504, 22, 0, 0, 51, 53, 2, 5, '0000-00-00 00:00:00', '0');
INSERT INTO `p_games` VALUES (505, 22, 0, 0, 5, 53, 5, 2, '0000-00-00 00:00:00', '0');
INSERT INTO `p_games` VALUES (506, 22, 0, 0, 9, 53, 5, 3, '0000-00-00 00:00:00', '0');
INSERT INTO `p_games` VALUES (507, 22, 0, 0, 42, 53, 9, 5, '0000-00-00 00:00:00', '0');
INSERT INTO `p_games` VALUES (508, 22, 0, 0, 52, 53, 0, 5, '0000-00-00 00:00:00', '0');
INSERT INTO `p_games` VALUES (509, 22, 0, 0, 51, 14, 2, 5, '0000-00-00 00:00:00', '0');
INSERT INTO `p_games` VALUES (510, 22, 0, 0, 5, 14, 5, 3, '0000-00-00 00:00:00', '0');
INSERT INTO `p_games` VALUES (511, 22, 0, 0, 9, 14, 5, 9, '0000-00-00 00:00:00', '0');
INSERT INTO `p_games` VALUES (512, 22, 0, 0, 42, 14, 3, 5, '0000-00-00 00:00:00', '0');
INSERT INTO `p_games` VALUES (513, 22, 0, 0, 52, 14, 5, 3, '0000-00-00 00:00:00', '0');
INSERT INTO `p_games` VALUES (514, 22, 0, 0, 53, 14, 9, 5, '0000-00-00 00:00:00', '0');
INSERT INTO `p_games` VALUES (515, 19, 4, 0, 13, 5, 10, 8, '2009-08-22 00:00:00', '0');
INSERT INTO `p_games` VALUES (516, 19, 4, 0, 50, 2, 10, 6, '2009-08-22 00:00:00', '0');
INSERT INTO `p_games` VALUES (517, 19, 4, 0, 10, 46, 10, 6, '2009-08-22 00:00:00', '0');
INSERT INTO `p_games` VALUES (518, 19, 4, 0, 9, 48, 10, 8, '2009-08-22 00:00:00', '0');
INSERT INTO `p_games` VALUES (519, 19, 2, 0, 13, 50, 9, 11, '2009-08-22 00:00:00', '0');
INSERT INTO `p_games` VALUES (520, 19, 2, 0, 10, 9, 10, 7, '2009-08-22 00:00:00', '0');
INSERT INTO `p_games` VALUES (521, 19, 1, 0, 50, 10, 10, 8, '2009-08-22 00:00:00', '0');
INSERT INTO `p_games` VALUES (522, 24, 0, 0, 57, 58, 4, 6, '0000-00-00 00:00:00', '0');
INSERT INTO `p_games` VALUES (523, 24, 0, 0, 57, 23, 5, 7, '0000-00-00 00:00:00', '0');
INSERT INTO `p_games` VALUES (524, 24, 0, 0, 58, 23, 6, 4, '0000-00-00 00:00:00', '0');
INSERT INTO `p_games` VALUES (525, 24, 0, 0, 57, 1, 4, 6, '0000-00-00 00:00:00', '0');
INSERT INTO `p_games` VALUES (526, 24, 0, 0, 58, 1, 5, 7, '0000-00-00 00:00:00', '0');
INSERT INTO `p_games` VALUES (527, 24, 0, 0, 23, 1, 2, 5, '0000-00-00 00:00:00', '0');
INSERT INTO `p_games` VALUES (528, 24, 0, 0, 57, 3, 5, 3, '0000-00-00 00:00:00', '0');
INSERT INTO `p_games` VALUES (529, 24, 0, 0, 58, 3, 3, 5, '0000-00-00 00:00:00', '0');
INSERT INTO `p_games` VALUES (530, 24, 0, 0, 23, 3, 1, 5, '0000-00-00 00:00:00', '0');
INSERT INTO `p_games` VALUES (531, 24, 0, 0, 1, 3, 5, 3, '0000-00-00 00:00:00', '0');
INSERT INTO `p_games` VALUES (532, 25, 0, 0, 60, 59, 0, 5, '0000-00-00 00:00:00', '0');
INSERT INTO `p_games` VALUES (533, 25, 0, 0, 60, 19, 7, 9, '0000-00-00 00:00:00', '0');
INSERT INTO `p_games` VALUES (534, 25, 0, 0, 59, 19, 4, 6, '0000-00-00 00:00:00', '0');
INSERT INTO `p_games` VALUES (535, 25, 0, 0, 60, 4, 3, 5, '0000-00-00 00:00:00', '0');
INSERT INTO `p_games` VALUES (536, 25, 0, 0, 59, 4, 8, 6, '0000-00-00 00:00:00', '0');
INSERT INTO `p_games` VALUES (537, 25, 0, 0, 19, 4, 3, 5, '0000-00-00 00:00:00', '0');
INSERT INTO `p_games` VALUES (538, 25, 0, 0, 60, 2, 0, 5, '0000-00-00 00:00:00', '0');
INSERT INTO `p_games` VALUES (539, 25, 0, 0, 59, 2, 5, 3, '0000-00-00 00:00:00', '0');
INSERT INTO `p_games` VALUES (540, 25, 0, 0, 19, 2, 3, 5, '0000-00-00 00:00:00', '0');
INSERT INTO `p_games` VALUES (541, 25, 0, 0, 4, 2, 6, 8, '0000-00-00 00:00:00', '0');
INSERT INTO `p_games` VALUES (542, 23, 2, 0, 1, 2, 11, 9, '2009-08-29 00:00:00', '0');
INSERT INTO `p_games` VALUES (543, 23, 2, 0, 59, 3, 4, 10, '2009-08-29 00:00:00', '0');
INSERT INTO `p_games` VALUES (544, 23, 1, 0, 1, 3, 6, 10, '2009-08-29 00:00:00', '0');
INSERT INTO `p_games` VALUES (546, 27, 0, 0, 6, 9, 6, 4, '0000-00-00 00:00:00', '0');
INSERT INTO `p_games` VALUES (547, 27, 0, 0, 6, 61, 7, 5, '0000-00-00 00:00:00', '0');
INSERT INTO `p_games` VALUES (548, 27, 0, 0, 9, 61, 2, 5, '0000-00-00 00:00:00', '0');
INSERT INTO `p_games` VALUES (549, 27, 0, 0, 6, 62, 5, 3, '0000-00-00 00:00:00', '0');
INSERT INTO `p_games` VALUES (550, 27, 0, 0, 9, 62, 5, 2, '0000-00-00 00:00:00', '0');
INSERT INTO `p_games` VALUES (551, 27, 0, 0, 61, 62, 1, 5, '0000-00-00 00:00:00', '0');
INSERT INTO `p_games` VALUES (552, 27, 0, 0, 6, 63, 5, 3, '0000-00-00 00:00:00', '0');
INSERT INTO `p_games` VALUES (553, 27, 0, 0, 9, 63, 3, 5, '0000-00-00 00:00:00', '0');
INSERT INTO `p_games` VALUES (554, 27, 0, 0, 61, 63, 9, 7, '0000-00-00 00:00:00', '0');
INSERT INTO `p_games` VALUES (555, 27, 0, 0, 62, 63, 10, 8, '0000-00-00 00:00:00', '0');
INSERT INTO `p_games` VALUES (556, 28, 0, 0, 3, 58, 5, 1, '0000-00-00 00:00:00', '0');
INSERT INTO `p_games` VALUES (557, 28, 0, 0, 3, 64, 2, 5, '0000-00-00 00:00:00', '0');
INSERT INTO `p_games` VALUES (558, 28, 0, 0, 58, 64, 5, 2, '0000-00-00 00:00:00', '0');
INSERT INTO `p_games` VALUES (559, 28, 0, 0, 3, 65, 4, 6, '0000-00-00 00:00:00', '0');
INSERT INTO `p_games` VALUES (560, 28, 0, 0, 58, 65, 5, 3, '0000-00-00 00:00:00', '0');
INSERT INTO `p_games` VALUES (561, 28, 0, 0, 64, 65, 5, 3, '0000-00-00 00:00:00', '0');
INSERT INTO `p_games` VALUES (562, 28, 0, 0, 3, 66, 3, 5, '0000-00-00 00:00:00', '0');
INSERT INTO `p_games` VALUES (563, 28, 0, 0, 58, 66, 1, 5, '0000-00-00 00:00:00', '0');
INSERT INTO `p_games` VALUES (564, 28, 0, 0, 64, 66, 1, 5, '0000-00-00 00:00:00', '0');
INSERT INTO `p_games` VALUES (565, 28, 0, 0, 65, 66, 4, 6, '0000-00-00 00:00:00', '0');
INSERT INTO `p_games` VALUES (566, 26, 2, 0, 6, 58, 10, 2, '2009-09-13 00:00:00', '0');
INSERT INTO `p_games` VALUES (567, 26, 2, 0, 66, 61, 10, 3, '2009-09-13 00:00:00', '0');
INSERT INTO `p_games` VALUES (568, 26, 1, 0, 6, 66, 6, 10, '2009-09-13 00:00:00', '0');
INSERT INTO `p_games` VALUES (580, 32, 0, 0, 68, 64, 5, 3, '0000-00-00 00:00:00', '0');
INSERT INTO `p_games` VALUES (581, 32, 0, 0, 68, 24, 2, 5, '0000-00-00 00:00:00', '0');
INSERT INTO `p_games` VALUES (582, 32, 0, 0, 64, 24, 2, 5, '0000-00-00 00:00:00', '0');
INSERT INTO `p_games` VALUES (583, 32, 0, 0, 68, 59, 5, 3, '0000-00-00 00:00:00', '0');
INSERT INTO `p_games` VALUES (584, 32, 0, 0, 64, 59, 4, 6, '0000-00-00 00:00:00', '0');
INSERT INTO `p_games` VALUES (585, 32, 0, 0, 24, 59, 1, 5, '0000-00-00 00:00:00', '0');
INSERT INTO `p_games` VALUES (586, 32, 0, 0, 68, 2, 3, 5, '0000-00-00 00:00:00', '0');
INSERT INTO `p_games` VALUES (587, 32, 0, 0, 64, 2, 3, 5, '0000-00-00 00:00:00', '0');
INSERT INTO `p_games` VALUES (588, 32, 0, 0, 24, 2, 2, 5, '0000-00-00 00:00:00', '0');
INSERT INTO `p_games` VALUES (589, 32, 0, 0, 59, 2, 2, 5, '0000-00-00 00:00:00', '0');
INSERT INTO `p_games` VALUES (590, 33, 0, 0, 69, 30, 3, 5, '0000-00-00 00:00:00', '0');
INSERT INTO `p_games` VALUES (591, 33, 0, 0, 69, 18, 1, 5, '0000-00-00 00:00:00', '0');
INSERT INTO `p_games` VALUES (592, 33, 0, 0, 30, 18, 2, 5, '0000-00-00 00:00:00', '0');
INSERT INTO `p_games` VALUES (593, 33, 0, 0, 69, 10, 3, 5, '0000-00-00 00:00:00', '0');
INSERT INTO `p_games` VALUES (594, 33, 0, 0, 30, 10, 0, 5, '0000-00-00 00:00:00', '0');
INSERT INTO `p_games` VALUES (595, 33, 0, 0, 18, 10, 1, 5, '0000-00-00 00:00:00', '0');
INSERT INTO `p_games` VALUES (596, 33, 0, 0, 69, 1, 2, 5, '0000-00-00 00:00:00', '0');
INSERT INTO `p_games` VALUES (597, 33, 0, 0, 30, 1, 1, 5, '0000-00-00 00:00:00', '0');
INSERT INTO `p_games` VALUES (598, 33, 0, 0, 18, 1, 1, 5, '0000-00-00 00:00:00', '0');
INSERT INTO `p_games` VALUES (599, 33, 0, 0, 10, 1, 1, 5, '0000-00-00 00:00:00', '0');
INSERT INTO `p_games` VALUES (600, 34, 0, 0, 20, 32, 3, 5, '0000-00-00 00:00:00', '0');
INSERT INTO `p_games` VALUES (601, 34, 0, 0, 20, 23, 2, 5, '0000-00-00 00:00:00', '0');
INSERT INTO `p_games` VALUES (602, 34, 0, 0, 32, 23, 5, 3, '0000-00-00 00:00:00', '0');
INSERT INTO `p_games` VALUES (603, 34, 0, 0, 20, 19, 5, 3, '0000-00-00 00:00:00', '0');
INSERT INTO `p_games` VALUES (604, 34, 0, 0, 32, 19, 3, 5, '0000-00-00 00:00:00', '0');
INSERT INTO `p_games` VALUES (605, 34, 0, 0, 23, 19, 6, 4, '0000-00-00 00:00:00', '0');
INSERT INTO `p_games` VALUES (606, 34, 0, 0, 20, 11, 2, 5, '0000-00-00 00:00:00', '0');
INSERT INTO `p_games` VALUES (607, 34, 0, 0, 32, 11, 7, 5, '0000-00-00 00:00:00', '0');
INSERT INTO `p_games` VALUES (608, 34, 0, 0, 23, 11, 3, 5, '0000-00-00 00:00:00', '0');
INSERT INTO `p_games` VALUES (609, 34, 0, 0, 19, 11, 5, 2, '0000-00-00 00:00:00', '0');
INSERT INTO `p_games` VALUES (610, 35, 0, 0, 44, 47, 6, 4, '0000-00-00 00:00:00', '0');
INSERT INTO `p_games` VALUES (611, 35, 0, 0, 44, 8, 2, 5, '0000-00-00 00:00:00', '0');
INSERT INTO `p_games` VALUES (612, 35, 0, 0, 47, 8, 5, 7, '0000-00-00 00:00:00', '0');
INSERT INTO `p_games` VALUES (613, 35, 0, 0, 44, 3, 3, 5, '0000-00-00 00:00:00', '0');
INSERT INTO `p_games` VALUES (614, 35, 0, 0, 47, 3, 1, 5, '0000-00-00 00:00:00', '0');
INSERT INTO `p_games` VALUES (615, 35, 0, 0, 8, 3, 9, 11, '0000-00-00 00:00:00', '0');
INSERT INTO `p_games` VALUES (616, 31, 4, 0, 2, 11, 10, 5, '2009-11-01 00:00:00', '0');
INSERT INTO `p_games` VALUES (617, 31, 4, 0, 24, 32, 5, 10, '2009-11-01 00:00:00', '0');
INSERT INTO `p_games` VALUES (618, 31, 4, 0, 1, 8, 7, 10, '2009-11-01 00:00:00', '0');
INSERT INTO `p_games` VALUES (619, 31, 4, 0, 10, 3, 2, 4, '2009-11-01 00:00:00', '0');
INSERT INTO `p_games` VALUES (620, 31, 2, 0, 2, 32, 7, 10, '2009-11-01 00:00:00', '0');
INSERT INTO `p_games` VALUES (621, 31, 2, 0, 8, 3, 10, 7, '2009-11-01 00:00:00', '0');
INSERT INTO `p_games` VALUES (622, 31, 1, 0, 32, 8, 10, 7, '2009-11-01 00:00:00', '0');
INSERT INTO `p_games` VALUES (623, 31, 3, 0, 2, 3, 10, 12, '2009-11-01 00:00:00', '0');
INSERT INTO `p_games` VALUES (624, 37, 0, 1, 62, 48, 5, 7, '0000-00-00 00:00:00', '0');
INSERT INTO `p_games` VALUES (625, 37, 0, 7, 62, 9, 17, 15, '0000-00-00 00:00:00', '0');
INSERT INTO `p_games` VALUES (626, 37, 0, 3, 62, 11, 5, 3, '0000-00-00 00:00:00', '0');
INSERT INTO `p_games` VALUES (627, 37, 0, 9, 62, 75, 5, 3, '0000-00-00 00:00:00', '0');
INSERT INTO `p_games` VALUES (628, 37, 0, 5, 62, 32, 4, 6, '0000-00-00 00:00:00', '0');
INSERT INTO `p_games` VALUES (629, 37, 0, 6, 48, 62, 12, 10, '0000-00-00 00:00:00', '0');
INSERT INTO `p_games` VALUES (630, 37, 0, 5, 48, 9, 5, 3, '0000-00-00 00:00:00', '0');
INSERT INTO `p_games` VALUES (631, 37, 0, 9, 48, 11, 5, 3, '0000-00-00 00:00:00', '0');
INSERT INTO `p_games` VALUES (632, 37, 0, 7, 48, 75, 5, 3, '0000-00-00 00:00:00', '0');
INSERT INTO `p_games` VALUES (633, 37, 0, 3, 48, 32, 3, 5, '0000-00-00 00:00:00', '0');
INSERT INTO `p_games` VALUES (634, 37, 0, 2, 9, 62, 5, 3, '0000-00-00 00:00:00', '0');
INSERT INTO `p_games` VALUES (635, 37, 0, 10, 9, 48, 7, 5, '0000-00-00 00:00:00', '0');
INSERT INTO `p_games` VALUES (636, 37, 0, 1, 9, 11, 5, 2, '0000-00-00 00:00:00', '0');
INSERT INTO `p_games` VALUES (637, 37, 0, 3, 9, 75, 5, 3, '0000-00-00 00:00:00', '0');
INSERT INTO `p_games` VALUES (638, 37, 0, 9, 9, 32, 4, 6, '0000-00-00 00:00:00', '0');
INSERT INTO `p_games` VALUES (639, 37, 0, 8, 11, 62, 8, 6, '0000-00-00 00:00:00', '0');
INSERT INTO `p_games` VALUES (640, 37, 0, 4, 11, 48, 5, 2, '0000-00-00 00:00:00', '0');
INSERT INTO `p_games` VALUES (641, 37, 0, 6, 11, 9, 5, 3, '0000-00-00 00:00:00', '0');
INSERT INTO `p_games` VALUES (642, 37, 0, 5, 11, 75, 5, 2, '0000-00-00 00:00:00', '0');
INSERT INTO `p_games` VALUES (643, 37, 0, 7, 11, 32, 5, 3, '0000-00-00 00:00:00', '0');
INSERT INTO `p_games` VALUES (644, 37, 0, 4, 75, 62, 5, 7, '0000-00-00 00:00:00', '0');
INSERT INTO `p_games` VALUES (645, 37, 0, 2, 75, 48, 4, 6, '0000-00-00 00:00:00', '0');
INSERT INTO `p_games` VALUES (646, 37, 0, 8, 75, 9, 4, 6, '0000-00-00 00:00:00', '0');
INSERT INTO `p_games` VALUES (647, 37, 0, 10, 75, 11, 2, 5, '0000-00-00 00:00:00', '0');
INSERT INTO `p_games` VALUES (648, 37, 0, 1, 75, 32, 5, 7, '0000-00-00 00:00:00', '0');
INSERT INTO `p_games` VALUES (649, 37, 0, 10, 32, 62, 5, 2, '0000-00-00 00:00:00', '0');
INSERT INTO `p_games` VALUES (650, 37, 0, 8, 32, 48, 5, 1, '0000-00-00 00:00:00', '0');
INSERT INTO `p_games` VALUES (651, 37, 0, 4, 32, 9, 5, 3, '0000-00-00 00:00:00', '0');
INSERT INTO `p_games` VALUES (652, 37, 0, 2, 32, 11, 7, 5, '0000-00-00 00:00:00', '0');
INSERT INTO `p_games` VALUES (653, 37, 0, 6, 32, 75, 4, 6, '0000-00-00 00:00:00', '0');
INSERT INTO `p_games` VALUES (661, 38, 0, 9, 13, 29, 5, 3, '0000-00-00 00:00:00', '0');
INSERT INTO `p_games` VALUES (662, 38, 0, 7, 13, 1, 9, 7, '0000-00-00 00:00:00', '0');
INSERT INTO `p_games` VALUES (670, 38, 0, 4, 29, 13, 9, 7, '0000-00-00 00:00:00', '0');
INSERT INTO `p_games` VALUES (672, 38, 0, 5, 29, 1, 5, 2, '0000-00-00 00:00:00', '0');
INSERT INTO `p_games` VALUES (675, 38, 0, 2, 1, 13, 5, 1, '0000-00-00 00:00:00', '0');
INSERT INTO `p_games` VALUES (677, 38, 0, 10, 1, 29, 5, 2, '0000-00-00 00:00:00', '0');
INSERT INTO `p_games` VALUES (690, 39, 0, 5, 76, 52, 5, 2, '0000-00-00 00:00:00', '0');
INSERT INTO `p_games` VALUES (691, 39, 0, 9, 76, 4, 0, 5, '0000-00-00 00:00:00', '0');
INSERT INTO `p_games` VALUES (692, 39, 0, 7, 76, 66, 4, 6, '0000-00-00 00:00:00', '0');
INSERT INTO `p_games` VALUES (693, 39, 0, 3, 76, 10, 1, 5, '0000-00-00 00:00:00', '0');
INSERT INTO `p_games` VALUES (695, 39, 0, 10, 52, 76, 3, 5, '0000-00-00 00:00:00', '0');
INSERT INTO `p_games` VALUES (696, 39, 0, 1, 52, 4, 5, 2, '0000-00-00 00:00:00', '0');
INSERT INTO `p_games` VALUES (697, 39, 0, 3, 52, 66, 3, 5, '0000-00-00 00:00:00', '0');
INSERT INTO `p_games` VALUES (698, 39, 0, 9, 52, 10, 5, 5, '0000-00-00 00:00:00', '1');
INSERT INTO `p_games` VALUES (700, 39, 0, 4, 4, 76, 3, 5, '0000-00-00 00:00:00', '0');
INSERT INTO `p_games` VALUES (701, 39, 0, 6, 4, 52, 2, 5, '0000-00-00 00:00:00', '0');
INSERT INTO `p_games` VALUES (702, 39, 0, 5, 4, 66, 5, 2, '0000-00-00 00:00:00', '0');
INSERT INTO `p_games` VALUES (703, 39, 0, 7, 4, 10, 5, 5, '0000-00-00 00:00:00', '1');
INSERT INTO `p_games` VALUES (705, 39, 0, 2, 66, 76, 5, 1, '0000-00-00 00:00:00', '0');
INSERT INTO `p_games` VALUES (706, 39, 0, 8, 66, 52, 5, 3, '0000-00-00 00:00:00', '0');
INSERT INTO `p_games` VALUES (707, 39, 0, 10, 66, 4, 11, 9, '0000-00-00 00:00:00', '0');
INSERT INTO `p_games` VALUES (708, 39, 0, 1, 66, 10, 9, 11, '0000-00-00 00:00:00', '0');
INSERT INTO `p_games` VALUES (710, 39, 0, 8, 10, 76, 5, 1, '0000-00-00 00:00:00', '0');
INSERT INTO `p_games` VALUES (711, 39, 0, 4, 10, 52, 6, 4, '0000-00-00 00:00:00', '0');
INSERT INTO `p_games` VALUES (712, 39, 0, 2, 10, 4, 3, 5, '0000-00-00 00:00:00', '0');
INSERT INTO `p_games` VALUES (713, 39, 0, 6, 10, 66, 5, 2, '0000-00-00 00:00:00', '0');
INSERT INTO `p_games` VALUES (714, 40, 0, 1, 3, 50, 5, 3, '0000-00-00 00:00:00', '0');
INSERT INTO `p_games` VALUES (715, 40, 0, 7, 3, 24, 5, 3, '0000-00-00 00:00:00', '0');
INSERT INTO `p_games` VALUES (716, 40, 0, 3, 3, 77, 5, 3, '0000-00-00 00:00:00', '0');
INSERT INTO `p_games` VALUES (717, 40, 0, 9, 3, 70, 5, 0, '0000-00-00 00:00:00', '0');
INSERT INTO `p_games` VALUES (718, 40, 0, 5, 3, 6, 5, 3, '0000-00-00 00:00:00', '0');
INSERT INTO `p_games` VALUES (719, 40, 0, 6, 50, 3, 3, 5, '0000-00-00 00:00:00', '0');
INSERT INTO `p_games` VALUES (720, 40, 0, 5, 50, 24, 6, 4, '0000-00-00 00:00:00', '0');
INSERT INTO `p_games` VALUES (721, 40, 0, 9, 50, 77, 0, 5, '0000-00-00 00:00:00', '1');
INSERT INTO `p_games` VALUES (722, 40, 0, 7, 50, 70, 0, 5, '0000-00-00 00:00:00', '1');
INSERT INTO `p_games` VALUES (723, 40, 0, 3, 50, 6, 5, 2, '0000-00-00 00:00:00', '0');
INSERT INTO `p_games` VALUES (724, 40, 0, 2, 24, 3, 3, 5, '0000-00-00 00:00:00', '0');
INSERT INTO `p_games` VALUES (725, 40, 0, 10, 24, 50, 2, 5, '0000-00-00 00:00:00', '0');
INSERT INTO `p_games` VALUES (726, 40, 0, 1, 24, 77, 6, 4, '0000-00-00 00:00:00', '0');
INSERT INTO `p_games` VALUES (727, 40, 0, 3, 24, 70, 3, 5, '0000-00-00 00:00:00', '0');
INSERT INTO `p_games` VALUES (728, 40, 0, 9, 24, 6, 5, 2, '0000-00-00 00:00:00', '0');
INSERT INTO `p_games` VALUES (729, 40, 0, 8, 77, 3, 5, 3, '0000-00-00 00:00:00', '0');
INSERT INTO `p_games` VALUES (730, 40, 0, 4, 77, 50, 5, 3, '0000-00-00 00:00:00', '0');
INSERT INTO `p_games` VALUES (731, 40, 0, 6, 77, 24, 9, 11, '0000-00-00 00:00:00', '0');
INSERT INTO `p_games` VALUES (732, 40, 0, 5, 77, 70, 5, 3, '0000-00-00 00:00:00', '0');
INSERT INTO `p_games` VALUES (733, 40, 0, 7, 77, 6, 5, 2, '0000-00-00 00:00:00', '0');
INSERT INTO `p_games` VALUES (734, 40, 0, 4, 70, 3, 6, 8, '0000-00-00 00:00:00', '0');
INSERT INTO `p_games` VALUES (735, 40, 0, 2, 70, 50, 6, 4, '0000-00-00 00:00:00', '0');
INSERT INTO `p_games` VALUES (736, 40, 0, 8, 70, 24, 18, 16, '0000-00-00 00:00:00', '0');
INSERT INTO `p_games` VALUES (737, 40, 0, 10, 70, 77, 1, 5, '0000-00-00 00:00:00', '0');
INSERT INTO `p_games` VALUES (738, 40, 0, 1, 70, 6, 6, 4, '0000-00-00 00:00:00', '0');
INSERT INTO `p_games` VALUES (739, 40, 0, 10, 6, 3, 7, 9, '0000-00-00 00:00:00', '0');
INSERT INTO `p_games` VALUES (740, 40, 0, 8, 6, 50, 5, 3, '0000-00-00 00:00:00', '0');
INSERT INTO `p_games` VALUES (741, 40, 0, 4, 6, 24, 1, 5, '0000-00-00 00:00:00', '0');
INSERT INTO `p_games` VALUES (742, 40, 0, 2, 6, 77, 5, 7, '0000-00-00 00:00:00', '0');
INSERT INTO `p_games` VALUES (743, 40, 0, 6, 6, 70, 3, 5, '0000-00-00 00:00:00', '0');
INSERT INTO `p_games` VALUES (744, 41, 0, 1, 73, 2, 4, 6, '0000-00-00 00:00:00', '0');
INSERT INTO `p_games` VALUES (745, 41, 0, 7, 73, 25, 3, 5, '0000-00-00 00:00:00', '0');
INSERT INTO `p_games` VALUES (746, 41, 0, 3, 73, 30, 2, 5, '0000-00-00 00:00:00', '0');
INSERT INTO `p_games` VALUES (747, 41, 0, 9, 73, 68, 5, 3, '0000-00-00 00:00:00', '0');
INSERT INTO `p_games` VALUES (749, 41, 0, 6, 2, 73, 5, 1, '0000-00-00 00:00:00', '0');
INSERT INTO `p_games` VALUES (750, 41, 0, 5, 2, 25, 8, 6, '0000-00-00 00:00:00', '0');
INSERT INTO `p_games` VALUES (751, 41, 0, 9, 2, 30, 5, 2, '0000-00-00 00:00:00', '0');
INSERT INTO `p_games` VALUES (752, 41, 0, 7, 2, 68, 5, 3, '0000-00-00 00:00:00', '0');
INSERT INTO `p_games` VALUES (754, 41, 0, 2, 25, 73, 5, 3, '0000-00-00 00:00:00', '0');
INSERT INTO `p_games` VALUES (755, 41, 0, 10, 25, 2, 5, 7, '0000-00-00 00:00:00', '0');
INSERT INTO `p_games` VALUES (756, 41, 0, 1, 25, 30, 5, 7, '0000-00-00 00:00:00', '0');
INSERT INTO `p_games` VALUES (757, 41, 0, 3, 25, 68, 5, 2, '0000-00-00 00:00:00', '0');
INSERT INTO `p_games` VALUES (759, 41, 0, 8, 30, 73, 5, 3, '0000-00-00 00:00:00', '0');
INSERT INTO `p_games` VALUES (760, 41, 0, 4, 30, 2, 2, 5, '0000-00-00 00:00:00', '0');
INSERT INTO `p_games` VALUES (761, 41, 0, 6, 30, 25, 5, 3, '0000-00-00 00:00:00', '0');
INSERT INTO `p_games` VALUES (762, 41, 0, 5, 30, 68, 5, 3, '0000-00-00 00:00:00', '0');
INSERT INTO `p_games` VALUES (764, 41, 0, 4, 68, 73, 3, 5, '0000-00-00 00:00:00', '0');
INSERT INTO `p_games` VALUES (765, 41, 0, 2, 68, 2, 5, 0, '0000-00-00 00:00:00', '1');
INSERT INTO `p_games` VALUES (766, 41, 0, 8, 68, 25, 2, 5, '0000-00-00 00:00:00', '0');
INSERT INTO `p_games` VALUES (767, 41, 0, 10, 68, 30, 5, 3, '0000-00-00 00:00:00', '0');
INSERT INTO `p_games` VALUES (775, 42, 0, 7, 64, 8, 1, 5, '0000-00-00 00:00:00', '0');
INSERT INTO `p_games` VALUES (776, 42, 0, 3, 64, 74, 10, 8, '0000-00-00 00:00:00', '0');
INSERT INTO `p_games` VALUES (777, 42, 0, 9, 64, 14, 2, 5, '0000-00-00 00:00:00', '0');
INSERT INTO `p_games` VALUES (778, 42, 0, 5, 64, 5, 5, 3, '0000-00-00 00:00:00', '0');
INSERT INTO `p_games` VALUES (784, 42, 0, 2, 8, 64, 5, 2, '0000-00-00 00:00:00', '0');
INSERT INTO `p_games` VALUES (786, 42, 0, 1, 8, 74, 5, 1, '0000-00-00 00:00:00', '0');
INSERT INTO `p_games` VALUES (787, 42, 0, 3, 8, 14, 5, 2, '0000-00-00 00:00:00', '0');
INSERT INTO `p_games` VALUES (788, 42, 0, 9, 8, 5, 5, 2, '0000-00-00 00:00:00', '0');
INSERT INTO `p_games` VALUES (789, 42, 0, 8, 74, 64, 6, 8, '0000-00-00 00:00:00', '0');
INSERT INTO `p_games` VALUES (791, 42, 0, 6, 74, 8, 3, 5, '0000-00-00 00:00:00', '0');
INSERT INTO `p_games` VALUES (792, 42, 0, 5, 74, 14, 3, 5, '0000-00-00 00:00:00', '0');
INSERT INTO `p_games` VALUES (793, 42, 0, 7, 74, 5, 4, 6, '0000-00-00 00:00:00', '0');
INSERT INTO `p_games` VALUES (794, 42, 0, 4, 14, 64, 5, 3, '0000-00-00 00:00:00', '0');
INSERT INTO `p_games` VALUES (796, 42, 0, 8, 14, 8, 2, 5, '0000-00-00 00:00:00', '0');
INSERT INTO `p_games` VALUES (797, 42, 0, 10, 14, 74, 5, 3, '0000-00-00 00:00:00', '0');
INSERT INTO `p_games` VALUES (798, 42, 0, 1, 14, 5, 3, 5, '0000-00-00 00:00:00', '0');
INSERT INTO `p_games` VALUES (799, 42, 0, 10, 5, 64, 5, 2, '0000-00-00 00:00:00', '0');
INSERT INTO `p_games` VALUES (801, 42, 0, 4, 5, 8, 0, 5, '0000-00-00 00:00:00', '0');
INSERT INTO `p_games` VALUES (802, 42, 0, 2, 5, 74, 5, 7, '0000-00-00 00:00:00', '0');
INSERT INTO `p_games` VALUES (803, 42, 0, 6, 5, 14, 0, 5, '0000-00-00 00:00:00', '1');
INSERT INTO `p_games` VALUES (804, 36, 1, 0, 66, 8, 10, 6, '2010-04-10 00:00:00', '0');
INSERT INTO `p_games` VALUES (805, 36, 2, 0, 66, 77, 10, 8, '2010-04-10 00:00:00', '0');
INSERT INTO `p_games` VALUES (806, 36, 2, 0, 8, 3, 10, 8, '2010-04-10 00:00:00', '0');
INSERT INTO `p_games` VALUES (807, 36, 4, 0, 8, 1, 10, 6, '2010-04-10 00:00:00', '0');
INSERT INTO `p_games` VALUES (808, 36, 4, 0, 32, 3, 8, 10, '2010-04-10 00:00:00', '0');
INSERT INTO `p_games` VALUES (809, 36, 4, 0, 66, 14, 10, 6, '2010-04-10 00:00:00', '0');
INSERT INTO `p_games` VALUES (810, 36, 4, 0, 48, 77, 5, 10, '2010-04-10 00:00:00', '0');
INSERT INTO `p_games` VALUES (811, 36, 8, 0, 66, 13, 12, 10, '2010-04-03 00:00:00', '0');
INSERT INTO `p_games` VALUES (812, 36, 8, 0, 25, 14, 7, 10, '2010-04-03 00:00:00', '0');
INSERT INTO `p_games` VALUES (813, 36, 8, 0, 2, 48, 6, 10, '2010-04-03 00:00:00', '0');
INSERT INTO `p_games` VALUES (814, 36, 8, 0, 77, 29, 10, 4, '2010-04-03 00:00:00', '0');
INSERT INTO `p_games` VALUES (815, 36, 8, 0, 8, 11, 10, 5, '2010-04-03 00:00:00', '0');
INSERT INTO `p_games` VALUES (816, 36, 8, 0, 1, 70, 10, 4, '2010-04-03 00:00:00', '0');
INSERT INTO `p_games` VALUES (817, 36, 8, 0, 32, 10, 10, 5, '2010-04-10 00:00:00', '0');
INSERT INTO `p_games` VALUES (818, 36, 8, 0, 3, 30, 10, 5, '2010-04-03 00:00:00', '0');
INSERT INTO `p_games` VALUES (819, 36, 3, 0, 77, 3, 10, 7, '2010-04-10 00:00:00', '0');
INSERT INTO `p_games` VALUES (821, 38, 0, 5, 13, 79, 5, 2, '0000-00-00 00:00:00', '0');
INSERT INTO `p_games` VALUES (823, 38, 0, 10, 79, 13, 6, 4, '0000-00-00 00:00:00', '0');
INSERT INTO `p_games` VALUES (824, 38, 0, 1, 79, 29, 3, 5, '0000-00-00 00:00:00', '0');
INSERT INTO `p_games` VALUES (825, 38, 0, 3, 79, 1, 3, 5, '0000-00-00 00:00:00', '0');
INSERT INTO `p_games` VALUES (826, 38, 0, 6, 29, 79, 5, 0, '0000-00-00 00:00:00', '1');
INSERT INTO `p_games` VALUES (827, 38, 0, 8, 1, 79, 5, 0, '0000-00-00 00:00:00', '1');
INSERT INTO `p_games` VALUES (828, 43, 0, 0, 2, 3, 2, 5, '0000-00-00 00:00:00', '0');
INSERT INTO `p_games` VALUES (829, 43, 0, 0, 2, 11, 5, 2, '0000-00-00 00:00:00', '0');
INSERT INTO `p_games` VALUES (830, 43, 0, 0, 2, 1, 5, 3, '0000-00-00 00:00:00', '0');
INSERT INTO `p_games` VALUES (831, 43, 0, 0, 2, 81, 5, 1, '0000-00-00 00:00:00', '0');
INSERT INTO `p_games` VALUES (832, 43, 0, 0, 2, 19, 8, 6, '0000-00-00 00:00:00', '0');
INSERT INTO `p_games` VALUES (833, 43, 0, 0, 2, 20, 3, 5, '0000-00-00 00:00:00', '0');
INSERT INTO `p_games` VALUES (834, 43, 0, 0, 3, 11, 5, 2, '0000-00-00 00:00:00', '0');
INSERT INTO `p_games` VALUES (835, 43, 0, 0, 3, 1, 8, 6, '0000-00-00 00:00:00', '0');
INSERT INTO `p_games` VALUES (836, 43, 0, 0, 3, 81, 2, 5, '0000-00-00 00:00:00', '0');
INSERT INTO `p_games` VALUES (837, 43, 0, 0, 3, 19, 4, 6, '0000-00-00 00:00:00', '0');
INSERT INTO `p_games` VALUES (838, 43, 0, 0, 3, 20, 6, 4, '0000-00-00 00:00:00', '0');
INSERT INTO `p_games` VALUES (839, 43, 0, 0, 11, 1, 5, 1, '0000-00-00 00:00:00', '0');
INSERT INTO `p_games` VALUES (840, 43, 0, 0, 11, 81, 5, 1, '0000-00-00 00:00:00', '0');
INSERT INTO `p_games` VALUES (841, 43, 0, 0, 11, 19, 6, 4, '0000-00-00 00:00:00', '0');
INSERT INTO `p_games` VALUES (842, 43, 0, 0, 11, 20, 5, 1, '0000-00-00 00:00:00', '0');
INSERT INTO `p_games` VALUES (843, 43, 0, 0, 1, 81, 13, 15, '0000-00-00 00:00:00', '0');
INSERT INTO `p_games` VALUES (844, 43, 0, 0, 1, 19, 5, 3, '0000-00-00 00:00:00', '0');
INSERT INTO `p_games` VALUES (845, 43, 0, 0, 1, 20, 11, 13, '0000-00-00 00:00:00', '0');
INSERT INTO `p_games` VALUES (846, 43, 0, 0, 81, 19, 5, 3, '0000-00-00 00:00:00', '0');
INSERT INTO `p_games` VALUES (847, 43, 0, 0, 81, 20, 3, 5, '0000-00-00 00:00:00', '0');
INSERT INTO `p_games` VALUES (848, 43, 0, 0, 19, 20, 2, 5, '0000-00-00 00:00:00', '0');
INSERT INTO `p_games` VALUES (849, 41, 0, 5, 73, 82, 8, 10, '0000-00-00 00:00:00', '0');
INSERT INTO `p_games` VALUES (850, 41, 0, 3, 2, 82, 6, 4, '0000-00-00 00:00:00', '0');
INSERT INTO `p_games` VALUES (851, 41, 0, 9, 25, 82, 5, 3, '0000-00-00 00:00:00', '0');
INSERT INTO `p_games` VALUES (852, 41, 0, 7, 30, 82, 10, 12, '0000-00-00 00:00:00', '0');
INSERT INTO `p_games` VALUES (853, 41, 0, 1, 68, 82, 5, 3, '0000-00-00 00:00:00', '0');
INSERT INTO `p_games` VALUES (854, 41, 0, 10, 82, 73, 3, 5, '0000-00-00 00:00:00', '0');
INSERT INTO `p_games` VALUES (855, 41, 0, 8, 82, 2, 5, 3, '0000-00-00 00:00:00', '0');
INSERT INTO `p_games` VALUES (856, 41, 0, 4, 82, 25, 2, 5, '0000-00-00 00:00:00', '0');
INSERT INTO `p_games` VALUES (857, 41, 0, 2, 82, 30, 6, 8, '0000-00-00 00:00:00', '0');
INSERT INTO `p_games` VALUES (858, 41, 0, 6, 82, 68, 5, 3, '0000-00-00 00:00:00', '0');
INSERT INTO `p_games` VALUES (859, 38, 0, 1, 87, 13, 2, 5, '0000-00-00 00:00:00', '0');
INSERT INTO `p_games` VALUES (860, 38, 0, 7, 87, 79, 10, 12, '0000-00-00 00:00:00', '0');
INSERT INTO `p_games` VALUES (861, 38, 0, 3, 87, 29, 5, 3, '0000-00-00 00:00:00', '0');
INSERT INTO `p_games` VALUES (862, 38, 0, 9, 87, 1, 2, 5, '0000-00-00 00:00:00', '0');
INSERT INTO `p_games` VALUES (863, 38, 0, 6, 13, 87, 5, 7, '0000-00-00 00:00:00', '0');
INSERT INTO `p_games` VALUES (864, 38, 0, 2, 79, 87, 3, 5, '0000-00-00 00:00:00', '0');
INSERT INTO `p_games` VALUES (865, 38, 0, 8, 29, 87, 6, 4, '0000-00-00 00:00:00', '0');
INSERT INTO `p_games` VALUES (866, 38, 0, 4, 1, 87, 5, 2, '0000-00-00 00:00:00', '0');
INSERT INTO `p_games` VALUES (867, 42, 0, 1, 64, 89, 4, 6, '0000-00-00 00:00:00', '0');
INSERT INTO `p_games` VALUES (868, 42, 0, 6, 89, 64, 5, 3, '0000-00-00 00:00:00', '0');
INSERT INTO `p_games` VALUES (869, 42, 0, 5, 89, 8, 2, 5, '0000-00-00 00:00:00', '0');
INSERT INTO `p_games` VALUES (870, 42, 0, 9, 89, 74, 0, 5, '0000-00-00 00:00:00', '1');
INSERT INTO `p_games` VALUES (871, 42, 0, 7, 89, 14, 6, 4, '0000-00-00 00:00:00', '0');
INSERT INTO `p_games` VALUES (872, 42, 0, 3, 89, 5, 5, 7, '0000-00-00 00:00:00', '0');
INSERT INTO `p_games` VALUES (873, 42, 0, 10, 8, 89, 4, 6, '0000-00-00 00:00:00', '0');
INSERT INTO `p_games` VALUES (874, 42, 0, 4, 74, 89, 5, 0, '0000-00-00 00:00:00', '1');
INSERT INTO `p_games` VALUES (875, 42, 0, 2, 14, 89, 5, 0, '0000-00-00 00:00:00', '1');
INSERT INTO `p_games` VALUES (876, 42, 0, 8, 5, 89, 2, 5, '0000-00-00 00:00:00', '0');
INSERT INTO `p_games` VALUES (877, 45, 0, 0, 3, 96, 5, 3, '0000-00-00 00:00:00', '0');
INSERT INTO `p_games` VALUES (878, 45, 0, 0, 3, 13, 10, 8, '0000-00-00 00:00:00', '0');
INSERT INTO `p_games` VALUES (879, 45, 0, 0, 3, 97, 6, 4, '0000-00-00 00:00:00', '0');
INSERT INTO `p_games` VALUES (880, 45, 0, 0, 96, 13, 6, 4, '0000-00-00 00:00:00', '0');
INSERT INTO `p_games` VALUES (881, 45, 0, 0, 96, 97, 2, 5, '0000-00-00 00:00:00', '0');
INSERT INTO `p_games` VALUES (882, 45, 0, 0, 13, 97, 3, 5, '0000-00-00 00:00:00', '0');
INSERT INTO `p_games` VALUES (883, 46, 0, 0, 98, 99, 4, 6, '0000-00-00 00:00:00', '0');
INSERT INTO `p_games` VALUES (884, 46, 0, 0, 98, 100, 5, 3, '0000-00-00 00:00:00', '0');
INSERT INTO `p_games` VALUES (885, 46, 0, 0, 98, 101, 6, 4, '0000-00-00 00:00:00', '0');
INSERT INTO `p_games` VALUES (886, 46, 0, 0, 99, 100, 3, 5, '0000-00-00 00:00:00', '0');
INSERT INTO `p_games` VALUES (887, 46, 0, 0, 99, 101, 5, 3, '0000-00-00 00:00:00', '0');
INSERT INTO `p_games` VALUES (888, 46, 0, 0, 100, 101, 7, 5, '0000-00-00 00:00:00', '0');
INSERT INTO `p_games` VALUES (889, 47, 0, 0, 102, 103, 3, 5, '0000-00-00 00:00:00', '0');
INSERT INTO `p_games` VALUES (890, 47, 0, 0, 102, 104, 5, 2, '0000-00-00 00:00:00', '0');
INSERT INTO `p_games` VALUES (891, 47, 0, 0, 102, 105, 6, 4, '0000-00-00 00:00:00', '0');
INSERT INTO `p_games` VALUES (892, 47, 0, 0, 103, 104, 5, 2, '0000-00-00 00:00:00', '0');
INSERT INTO `p_games` VALUES (893, 47, 0, 0, 103, 105, 5, 0, '0000-00-00 00:00:00', '0');
INSERT INTO `p_games` VALUES (894, 47, 0, 0, 104, 105, 5, 3, '0000-00-00 00:00:00', '0');
INSERT INTO `p_games` VALUES (895, 48, 0, 0, 106, 107, 5, 0, '0000-00-00 00:00:00', '0');
INSERT INTO `p_games` VALUES (896, 48, 0, 0, 106, 108, 6, 4, '0000-00-00 00:00:00', '0');
INSERT INTO `p_games` VALUES (897, 48, 0, 0, 106, 11, 3, 5, '0000-00-00 00:00:00', '0');
INSERT INTO `p_games` VALUES (898, 48, 0, 0, 107, 108, 3, 5, '0000-00-00 00:00:00', '0');
INSERT INTO `p_games` VALUES (899, 48, 0, 0, 107, 11, 2, 5, '0000-00-00 00:00:00', '0');
INSERT INTO `p_games` VALUES (900, 48, 0, 0, 108, 11, 3, 5, '0000-00-00 00:00:00', '0');
INSERT INTO `p_games` VALUES (902, 44, 4, 0, 3, 106, 5, 3, '2010-04-21 00:00:00', '0');
INSERT INTO `p_games` VALUES (903, 44, 4, 0, 103, 99, 4, 6, '2010-04-21 00:00:00', '0');
INSERT INTO `p_games` VALUES (904, 44, 4, 0, 11, 102, 5, 2, '2010-04-21 00:00:00', '0');
INSERT INTO `p_games` VALUES (905, 44, 4, 0, 98, 97, 5, 1, '2010-04-21 00:00:00', '0');
INSERT INTO `p_games` VALUES (906, 44, 2, 0, 3, 99, 4, 6, '2010-04-21 00:00:00', '0');
INSERT INTO `p_games` VALUES (907, 44, 2, 0, 11, 98, 14, 12, '2010-04-21 00:00:00', '0');
INSERT INTO `p_games` VALUES (908, 44, 1, 0, 11, 99, 9, 7, '2010-04-21 00:00:00', '0');
INSERT INTO `p_games` VALUES (909, 50, 0, 0, 112, 113, 5, 3, '0000-00-00 00:00:00', '0');
INSERT INTO `p_games` VALUES (910, 50, 0, 0, 112, 8, 9, 7, '0000-00-00 00:00:00', '0');
INSERT INTO `p_games` VALUES (911, 50, 0, 0, 112, 48, 13, 15, '0000-00-00 00:00:00', '0');
INSERT INTO `p_games` VALUES (912, 50, 0, 0, 112, 82, 2, 5, '0000-00-00 00:00:00', '0');
INSERT INTO `p_games` VALUES (913, 50, 0, 0, 113, 8, 3, 5, '0000-00-00 00:00:00', '0');
INSERT INTO `p_games` VALUES (914, 50, 0, 0, 113, 48, 6, 8, '0000-00-00 00:00:00', '0');
INSERT INTO `p_games` VALUES (915, 50, 0, 0, 113, 82, 5, 7, '0000-00-00 00:00:00', '0');
INSERT INTO `p_games` VALUES (916, 50, 0, 0, 8, 48, 6, 4, '0000-00-00 00:00:00', '0');
INSERT INTO `p_games` VALUES (917, 50, 0, 0, 8, 82, 5, 3, '0000-00-00 00:00:00', '0');
INSERT INTO `p_games` VALUES (918, 50, 0, 0, 48, 82, 9, 7, '0000-00-00 00:00:00', '0');
INSERT INTO `p_games` VALUES (919, 51, 0, 0, 114, 115, 6, 4, '0000-00-00 00:00:00', '0');
INSERT INTO `p_games` VALUES (920, 51, 0, 0, 114, 62, 2, 5, '0000-00-00 00:00:00', '0');
INSERT INTO `p_games` VALUES (921, 51, 0, 0, 114, 30, 7, 9, '0000-00-00 00:00:00', '0');
INSERT INTO `p_games` VALUES (922, 51, 0, 0, 114, 11, 2, 5, '0000-00-00 00:00:00', '0');
INSERT INTO `p_games` VALUES (923, 51, 0, 0, 115, 62, 4, 6, '0000-00-00 00:00:00', '0');
INSERT INTO `p_games` VALUES (924, 51, 0, 0, 115, 30, 5, 1, '0000-00-00 00:00:00', '0');
INSERT INTO `p_games` VALUES (925, 51, 0, 0, 115, 11, 5, 3, '0000-00-00 00:00:00', '0');
INSERT INTO `p_games` VALUES (926, 51, 0, 0, 62, 30, 5, 3, '0000-00-00 00:00:00', '0');
INSERT INTO `p_games` VALUES (927, 51, 0, 0, 62, 11, 7, 9, '0000-00-00 00:00:00', '0');
INSERT INTO `p_games` VALUES (928, 51, 0, 0, 30, 11, 1, 5, '0000-00-00 00:00:00', '0');
INSERT INTO `p_games` VALUES (929, 52, 0, 0, 116, 64, 3, 5, '0000-00-00 00:00:00', '0');
INSERT INTO `p_games` VALUES (930, 52, 0, 0, 116, 25, 12, 14, '0000-00-00 00:00:00', '0');
INSERT INTO `p_games` VALUES (931, 52, 0, 0, 116, 77, 2, 5, '0000-00-00 00:00:00', '0');
INSERT INTO `p_games` VALUES (932, 52, 0, 0, 64, 25, 6, 8, '0000-00-00 00:00:00', '0');
INSERT INTO `p_games` VALUES (933, 52, 0, 0, 64, 77, 2, 5, '0000-00-00 00:00:00', '0');
INSERT INTO `p_games` VALUES (934, 52, 0, 0, 25, 77, 5, 2, '0000-00-00 00:00:00', '0');
INSERT INTO `p_games` VALUES (935, 53, 0, 0, 59, 50, 2, 5, '0000-00-00 00:00:00', '0');
INSERT INTO `p_games` VALUES (936, 53, 0, 0, 59, 14, 7, 5, '0000-00-00 00:00:00', '0');
INSERT INTO `p_games` VALUES (937, 53, 0, 0, 59, 3, 0, 5, '0000-00-00 00:00:00', '0');
INSERT INTO `p_games` VALUES (938, 53, 0, 0, 59, 117, 5, 3, '0000-00-00 00:00:00', '0');
INSERT INTO `p_games` VALUES (939, 53, 0, 0, 50, 14, 8, 6, '0000-00-00 00:00:00', '0');
INSERT INTO `p_games` VALUES (940, 53, 0, 0, 50, 3, 8, 10, '0000-00-00 00:00:00', '0');
INSERT INTO `p_games` VALUES (941, 53, 0, 0, 50, 117, 5, 0, '0000-00-00 00:00:00', '0');
INSERT INTO `p_games` VALUES (942, 53, 0, 0, 14, 3, 5, 3, '0000-00-00 00:00:00', '0');
INSERT INTO `p_games` VALUES (943, 53, 0, 0, 14, 117, 5, 3, '0000-00-00 00:00:00', '0');
INSERT INTO `p_games` VALUES (944, 53, 0, 0, 3, 117, 5, 3, '0000-00-00 00:00:00', '0');
INSERT INTO `p_games` VALUES (946, 49, 4, 0, 25, 3, 10, 8, '2010-05-23 00:00:00', '0');
INSERT INTO `p_games` VALUES (947, 49, 4, 0, 50, 48, 15, 13, '2010-05-23 00:00:00', '0');
INSERT INTO `p_games` VALUES (948, 49, 4, 0, 62, 77, 6, 10, '2010-05-23 00:00:00', '0');
INSERT INTO `p_games` VALUES (949, 49, 4, 0, 8, 11, 8, 10, '2010-05-23 00:00:00', '0');
INSERT INTO `p_games` VALUES (950, 49, 2, 0, 25, 50, 4, 10, '2010-05-23 00:00:00', '0');
INSERT INTO `p_games` VALUES (951, 49, 2, 0, 77, 11, 0, 10, '2010-05-23 00:00:00', 'f');
INSERT INTO `p_games` VALUES (952, 49, 1, 0, 50, 11, 8, 10, '2010-05-23 00:00:00', '0');
INSERT INTO `p_games` VALUES (953, 49, 3, 0, 25, 77, 8, 10, '2010-05-23 00:00:00', '0');
INSERT INTO `p_games` VALUES (954, 55, 0, 0, 123, 124, 6, 4, '0000-00-00 00:00:00', '0');
INSERT INTO `p_games` VALUES (955, 55, 0, 0, 123, 113, 3, 5, '0000-00-00 00:00:00', '0');
INSERT INTO `p_games` VALUES (956, 55, 0, 0, 123, 6, 6, 4, '0000-00-00 00:00:00', '0');
INSERT INTO `p_games` VALUES (957, 55, 0, 0, 123, 59, 6, 8, '0000-00-00 00:00:00', '0');
INSERT INTO `p_games` VALUES (958, 55, 0, 0, 123, 66, 3, 5, '0000-00-00 00:00:00', '0');
INSERT INTO `p_games` VALUES (959, 55, 0, 0, 123, 8, 3, 5, '0000-00-00 00:00:00', '0');
INSERT INTO `p_games` VALUES (960, 55, 0, 0, 124, 113, 5, 0, '0000-00-00 00:00:00', '0');
INSERT INTO `p_games` VALUES (961, 55, 0, 0, 124, 6, 8, 6, '0000-00-00 00:00:00', '0');
INSERT INTO `p_games` VALUES (962, 55, 0, 0, 124, 59, 3, 5, '0000-00-00 00:00:00', '0');
INSERT INTO `p_games` VALUES (963, 55, 0, 0, 124, 66, 8, 6, '0000-00-00 00:00:00', '0');
INSERT INTO `p_games` VALUES (964, 55, 0, 0, 124, 8, 4, 6, '0000-00-00 00:00:00', '0');
INSERT INTO `p_games` VALUES (965, 55, 0, 0, 113, 6, 2, 5, '0000-00-00 00:00:00', '0');
INSERT INTO `p_games` VALUES (966, 55, 0, 0, 113, 59, 3, 5, '0000-00-00 00:00:00', '0');
INSERT INTO `p_games` VALUES (967, 55, 0, 0, 113, 66, 5, 7, '0000-00-00 00:00:00', '0');
INSERT INTO `p_games` VALUES (968, 55, 0, 0, 113, 8, 4, 6, '0000-00-00 00:00:00', '0');
INSERT INTO `p_games` VALUES (969, 55, 0, 0, 6, 59, 3, 5, '0000-00-00 00:00:00', '0');
INSERT INTO `p_games` VALUES (970, 55, 0, 0, 6, 66, 3, 5, '0000-00-00 00:00:00', '0');
INSERT INTO `p_games` VALUES (971, 55, 0, 0, 6, 8, 5, 2, '0000-00-00 00:00:00', '0');
INSERT INTO `p_games` VALUES (972, 55, 0, 0, 59, 66, 3, 5, '0000-00-00 00:00:00', '0');
INSERT INTO `p_games` VALUES (973, 55, 0, 0, 59, 8, 2, 5, '0000-00-00 00:00:00', '0');
INSERT INTO `p_games` VALUES (974, 55, 0, 0, 66, 8, 6, 4, '0000-00-00 00:00:00', '0');
INSERT INTO `p_games` VALUES (975, 56, 0, 0, 125, 126, 6, 4, '0000-00-00 00:00:00', '0');
INSERT INTO `p_games` VALUES (976, 56, 0, 0, 125, 52, 2, 5, '0000-00-00 00:00:00', '0');
INSERT INTO `p_games` VALUES (977, 56, 0, 0, 125, 73, 2, 5, '0000-00-00 00:00:00', '0');
INSERT INTO `p_games` VALUES (978, 56, 0, 0, 125, 30, 2, 5, '0000-00-00 00:00:00', '0');
INSERT INTO `p_games` VALUES (979, 56, 0, 0, 125, 62, 6, 4, '0000-00-00 00:00:00', '0');
INSERT INTO `p_games` VALUES (980, 56, 0, 0, 125, 11, 5, 3, '0000-00-00 00:00:00', '0');
INSERT INTO `p_games` VALUES (981, 56, 0, 0, 125, 9, 5, 3, '0000-00-00 00:00:00', '0');
INSERT INTO `p_games` VALUES (982, 56, 0, 0, 126, 52, 3, 5, '0000-00-00 00:00:00', '0');
INSERT INTO `p_games` VALUES (983, 56, 0, 0, 126, 73, 6, 4, '0000-00-00 00:00:00', '0');
INSERT INTO `p_games` VALUES (984, 56, 0, 0, 126, 30, 3, 5, '0000-00-00 00:00:00', '0');
INSERT INTO `p_games` VALUES (985, 56, 0, 0, 126, 62, 3, 5, '0000-00-00 00:00:00', '0');
INSERT INTO `p_games` VALUES (986, 56, 0, 0, 126, 11, 2, 5, '0000-00-00 00:00:00', '0');
INSERT INTO `p_games` VALUES (987, 56, 0, 0, 126, 9, 2, 5, '0000-00-00 00:00:00', '0');
INSERT INTO `p_games` VALUES (988, 56, 0, 0, 52, 73, 5, 2, '0000-00-00 00:00:00', '0');
INSERT INTO `p_games` VALUES (989, 56, 0, 0, 52, 30, 5, 3, '0000-00-00 00:00:00', '0');
INSERT INTO `p_games` VALUES (990, 56, 0, 0, 52, 62, 1, 5, '0000-00-00 00:00:00', '0');
INSERT INTO `p_games` VALUES (991, 56, 0, 0, 52, 11, 5, 3, '0000-00-00 00:00:00', '0');
INSERT INTO `p_games` VALUES (992, 56, 0, 0, 52, 9, 5, 0, '0000-00-00 00:00:00', '0');
INSERT INTO `p_games` VALUES (993, 56, 0, 0, 73, 30, 4, 6, '0000-00-00 00:00:00', '0');
INSERT INTO `p_games` VALUES (994, 56, 0, 0, 73, 62, 3, 5, '0000-00-00 00:00:00', '0');
INSERT INTO `p_games` VALUES (995, 56, 0, 0, 73, 11, 7, 9, '0000-00-00 00:00:00', '0');
INSERT INTO `p_games` VALUES (996, 56, 0, 0, 73, 9, 1, 5, '0000-00-00 00:00:00', '0');
INSERT INTO `p_games` VALUES (997, 56, 0, 0, 30, 62, 2, 5, '0000-00-00 00:00:00', '0');
INSERT INTO `p_games` VALUES (998, 56, 0, 0, 30, 11, 6, 4, '0000-00-00 00:00:00', '0');
INSERT INTO `p_games` VALUES (999, 56, 0, 0, 30, 9, 3, 5, '0000-00-00 00:00:00', '0');
INSERT INTO `p_games` VALUES (1000, 56, 0, 0, 62, 11, 5, 3, '0000-00-00 00:00:00', '0');
INSERT INTO `p_games` VALUES (1001, 56, 0, 0, 62, 9, 1, 5, '0000-00-00 00:00:00', '0');
INSERT INTO `p_games` VALUES (1002, 56, 0, 0, 11, 9, 2, 5, '0000-00-00 00:00:00', '0');
INSERT INTO `p_games` VALUES (1003, 57, 0, 0, 127, 128, 2, 5, '0000-00-00 00:00:00', '0');
INSERT INTO `p_games` VALUES (1004, 57, 0, 0, 127, 98, 4, 6, '0000-00-00 00:00:00', '0');
INSERT INTO `p_games` VALUES (1005, 57, 0, 0, 127, 115, 7, 5, '0000-00-00 00:00:00', '0');
INSERT INTO `p_games` VALUES (1006, 57, 0, 0, 127, 64, 5, 2, '0000-00-00 00:00:00', '0');
INSERT INTO `p_games` VALUES (1007, 57, 0, 0, 127, 48, 3, 5, '0000-00-00 00:00:00', '0');
INSERT INTO `p_games` VALUES (1008, 57, 0, 0, 127, 3, 3, 5, '0000-00-00 00:00:00', '0');
INSERT INTO `p_games` VALUES (1009, 57, 0, 0, 128, 98, 5, 3, '0000-00-00 00:00:00', '0');
INSERT INTO `p_games` VALUES (1010, 57, 0, 0, 128, 115, 4, 6, '0000-00-00 00:00:00', '0');
INSERT INTO `p_games` VALUES (1011, 57, 0, 0, 128, 64, 6, 8, '0000-00-00 00:00:00', '0');
INSERT INTO `p_games` VALUES (1012, 57, 0, 0, 128, 48, 1, 5, '0000-00-00 00:00:00', '0');
INSERT INTO `p_games` VALUES (1013, 57, 0, 0, 128, 3, 2, 5, '0000-00-00 00:00:00', '0');
INSERT INTO `p_games` VALUES (1014, 57, 0, 0, 98, 115, 2, 5, '0000-00-00 00:00:00', '0');
INSERT INTO `p_games` VALUES (1015, 57, 0, 0, 98, 64, 2, 5, '0000-00-00 00:00:00', '0');
INSERT INTO `p_games` VALUES (1016, 57, 0, 0, 98, 48, 9, 7, '0000-00-00 00:00:00', '0');
INSERT INTO `p_games` VALUES (1017, 57, 0, 0, 98, 3, 2, 5, '0000-00-00 00:00:00', '0');
INSERT INTO `p_games` VALUES (1018, 57, 0, 0, 115, 64, 5, 2, '0000-00-00 00:00:00', '0');
INSERT INTO `p_games` VALUES (1019, 57, 0, 0, 115, 48, 1, 5, '0000-00-00 00:00:00', '0');
INSERT INTO `p_games` VALUES (1020, 57, 0, 0, 115, 3, 1, 5, '0000-00-00 00:00:00', '0');
INSERT INTO `p_games` VALUES (1021, 57, 0, 0, 64, 48, 4, 6, '0000-00-00 00:00:00', '0');
INSERT INTO `p_games` VALUES (1022, 57, 0, 0, 64, 3, 5, 3, '0000-00-00 00:00:00', '0');
INSERT INTO `p_games` VALUES (1023, 57, 0, 0, 48, 3, 3, 5, '0000-00-00 00:00:00', '0');
INSERT INTO `p_games` VALUES (1024, 58, 0, 0, 129, 58, 3, 5, '0000-00-00 00:00:00', '0');
INSERT INTO `p_games` VALUES (1025, 58, 0, 0, 129, 74, 5, 3, '0000-00-00 00:00:00', '0');
INSERT INTO `p_games` VALUES (1026, 58, 0, 0, 129, 5, 5, 3, '0000-00-00 00:00:00', '0');
INSERT INTO `p_games` VALUES (1027, 58, 0, 0, 129, 50, 2, 5, '0000-00-00 00:00:00', '0');
INSERT INTO `p_games` VALUES (1028, 58, 0, 0, 129, 2, 2, 5, '0000-00-00 00:00:00', '0');
INSERT INTO `p_games` VALUES (1029, 58, 0, 0, 129, 130, 1, 5, '0000-00-00 00:00:00', '0');
INSERT INTO `p_games` VALUES (1030, 58, 0, 0, 58, 74, 3, 5, '0000-00-00 00:00:00', '0');
INSERT INTO `p_games` VALUES (1031, 58, 0, 0, 58, 5, 7, 5, '0000-00-00 00:00:00', '0');
INSERT INTO `p_games` VALUES (1032, 58, 0, 0, 58, 50, 3, 5, '0000-00-00 00:00:00', '0');
INSERT INTO `p_games` VALUES (1033, 58, 0, 0, 58, 2, 7, 5, '0000-00-00 00:00:00', '0');
INSERT INTO `p_games` VALUES (1034, 58, 0, 0, 58, 130, 3, 5, '0000-00-00 00:00:00', '0');
INSERT INTO `p_games` VALUES (1035, 58, 0, 0, 74, 5, 5, 1, '0000-00-00 00:00:00', '0');
INSERT INTO `p_games` VALUES (1036, 58, 0, 0, 74, 50, 4, 6, '0000-00-00 00:00:00', '0');
INSERT INTO `p_games` VALUES (1037, 58, 0, 0, 74, 2, 5, 3, '0000-00-00 00:00:00', '0');
INSERT INTO `p_games` VALUES (1038, 58, 0, 0, 74, 130, 3, 5, '0000-00-00 00:00:00', '0');
INSERT INTO `p_games` VALUES (1039, 58, 0, 0, 5, 50, 2, 5, '0000-00-00 00:00:00', '0');
INSERT INTO `p_games` VALUES (1040, 58, 0, 0, 5, 2, 4, 6, '0000-00-00 00:00:00', '0');
INSERT INTO `p_games` VALUES (1041, 58, 0, 0, 5, 130, 7, 5, '0000-00-00 00:00:00', '0');
INSERT INTO `p_games` VALUES (1042, 58, 0, 0, 50, 2, 5, 3, '0000-00-00 00:00:00', '0');
INSERT INTO `p_games` VALUES (1043, 58, 0, 0, 50, 130, 5, 0, '0000-00-00 00:00:00', '0');
INSERT INTO `p_games` VALUES (1044, 58, 0, 0, 2, 130, 0, 5, '0000-00-00 00:00:00', '0');
INSERT INTO `p_games` VALUES (1045, 54, 8, 0, 52, 64, 11, 13, '2010-07-03 00:00:00', '0');
INSERT INTO `p_games` VALUES (1046, 54, 8, 0, 8, 74, 10, 7, '2010-07-03 00:00:00', '0');
INSERT INTO `p_games` VALUES (1047, 54, 8, 0, 62, 115, 10, 6, '2010-07-03 00:00:00', '0');
INSERT INTO `p_games` VALUES (1048, 54, 8, 0, 66, 58, 10, 6, '2010-07-03 00:00:00', '0');
INSERT INTO `p_games` VALUES (1049, 54, 8, 0, 9, 48, 5, 10, '2010-07-03 00:00:00', '0');
INSERT INTO `p_games` VALUES (1050, 54, 8, 0, 124, 50, 6, 10, '2010-07-03 00:00:00', '0');
INSERT INTO `p_games` VALUES (1051, 54, 8, 0, 30, 3, 6, 10, '2010-07-03 00:00:00', '0');
INSERT INTO `p_games` VALUES (1052, 54, 8, 0, 59, 130, 10, 8, '2010-07-03 00:00:00', '0');
INSERT INTO `p_games` VALUES (1053, 54, 4, 0, 64, 8, 7, 10, '2010-07-03 00:00:00', '0');
INSERT INTO `p_games` VALUES (1054, 54, 4, 0, 62, 66, 12, 10, '2010-07-03 00:00:00', '0');
INSERT INTO `p_games` VALUES (1055, 54, 4, 0, 48, 50, 10, 7, '2010-07-03 00:00:00', '0');
INSERT INTO `p_games` VALUES (1056, 54, 4, 0, 3, 59, 10, 5, '2010-07-03 00:00:00', '0');
INSERT INTO `p_games` VALUES (1057, 54, 2, 0, 8, 62, 4, 10, '2010-07-03 00:00:00', '0');
INSERT INTO `p_games` VALUES (1058, 54, 2, 0, 48, 3, 10, 7, '2010-07-03 00:00:00', '0');
INSERT INTO `p_games` VALUES (1059, 54, 3, 0, 8, 3, 10, 7, '2010-07-03 00:00:00', '0');
INSERT INTO `p_games` VALUES (1060, 54, 1, 0, 62, 48, 10, 6, '2010-07-03 00:00:00', '0');

INSERT INTO `p_men_cups` VALUES (25, 8, 1, '2008-11-01', 1027.77777777778, 2);
INSERT INTO `p_men_cups` VALUES (26, 2, 1, '2008-11-01', 944.44444444444, 1);
INSERT INTO `p_men_cups` VALUES (27, 3, 1, '2008-11-01', 711.11111111111, 3);
INSERT INTO `p_men_cups` VALUES (28, 11, 1, '2008-11-01', 655.55555555556, 4);
INSERT INTO `p_men_cups` VALUES (29, 10, 1, '2008-11-01', 633.33333333333, 5);
INSERT INTO `p_men_cups` VALUES (30, 4, 1, '2008-11-01', 600, 6);
INSERT INTO `p_men_cups` VALUES (31, 7, 1, '2008-11-01', 544.44444444444, 7);
INSERT INTO `p_men_cups` VALUES (32, 6, 1, '2008-11-01', 444.44444444444, 8);
INSERT INTO `p_men_cups` VALUES (33, 5, 1, '2008-11-01', 422.22222222222, 9);
INSERT INTO `p_men_cups` VALUES (34, 9, 1, '2008-11-01', 366.66666666667, 10);
INSERT INTO `p_men_cups` VALUES (47, 8, 2, '2008-09-28', 348.416, 1);
INSERT INTO `p_men_cups` VALUES (48, 10, 2, '2008-09-28', 290.34666666667, 2);
INSERT INTO `p_men_cups` VALUES (49, 2, 2, '2008-09-28', 217.76, 3);
INSERT INTO `p_men_cups` VALUES (50, 3, 2, '2008-09-28', 188.72533333333, 4);
INSERT INTO `p_men_cups` VALUES (51, 3, 3, '2008-11-02', 528.482125, 3);
INSERT INTO `p_men_cups` VALUES (52, 10, 3, '2008-11-02', 376.810125, 3);
INSERT INTO `p_men_cups` VALUES (53, 2, 3, '2008-11-02', 360.221, 1);
INSERT INTO `p_men_cups` VALUES (54, 11, 3, '2008-11-02', 317.56325, 2);
INSERT INTO `p_men_cups` VALUES (55, 1, 3, '2008-11-02', 189.59, 5);
INSERT INTO `p_men_cups` VALUES (56, 8, 3, '2008-11-02', 170.631, 6);
INSERT INTO `p_men_cups` VALUES (57, 23, 4, '2008-11-02', 237.5, 1);
INSERT INTO `p_men_cups` VALUES (58, 14, 4, '2008-11-02', 212.5, 2);
INSERT INTO `p_men_cups` VALUES (59, 26, 4, '2008-11-02', 137.5, 3);
INSERT INTO `p_men_cups` VALUES (60, 20, 4, '2008-11-02', 87.5, 4);
INSERT INTO `p_men_cups` VALUES (61, 25, 4, '2008-11-02', 75, 5);
INSERT INTO `p_men_cups` VALUES (62, 24, 5, '2008-11-02', 288, 1);
INSERT INTO `p_men_cups` VALUES (63, 18, 5, '2008-11-02', 288, 2);
INSERT INTO `p_men_cups` VALUES (64, 19, 5, '2008-11-02', 168, 3);
INSERT INTO `p_men_cups` VALUES (65, 12, 5, '2008-11-02', 168, 4);
INSERT INTO `p_men_cups` VALUES (66, 27, 5, '2008-11-02', 120, 5);
INSERT INTO `p_men_cups` VALUES (67, 16, 5, '2008-11-02', 48, 6);
INSERT INTO `p_men_cups` VALUES (68, 24, 6, '2008-11-02', 41.25, 3);
INSERT INTO `p_men_cups` VALUES (69, 23, 6, '2008-11-02', 41.25, 3);
INSERT INTO `p_men_cups` VALUES (70, 18, 6, '2008-11-02', 82.5, 2);
INSERT INTO `p_men_cups` VALUES (71, 14, 6, '2008-11-02', 110, 1);
INSERT INTO `p_men_cups` VALUES (72, 8, 11, '2009-02-22', 69, 1);
INSERT INTO `p_men_cups` VALUES (73, 11, 11, '2009-02-22', 51.75, 2);
INSERT INTO `p_men_cups` VALUES (74, 3, 11, '2009-02-22', 17.25, 4);
INSERT INTO `p_men_cups` VALUES (75, 4, 11, '2009-02-22', 34.5, 3);
INSERT INTO `p_men_cups` VALUES (76, 4, 12, '2009-02-22', 276, 1);
INSERT INTO `p_men_cups` VALUES (77, 18, 12, '2009-02-22', 230, 2);
INSERT INTO `p_men_cups` VALUES (78, 20, 12, '2009-02-22', 184, 3);
INSERT INTO `p_men_cups` VALUES (79, 23, 12, '2009-02-22', 138, 4);
INSERT INTO `p_men_cups` VALUES (80, 3, 13, '2009-02-22', 299, 1);
INSERT INTO `p_men_cups` VALUES (81, 33, 13, '2009-02-22', 230, 2);
INSERT INTO `p_men_cups` VALUES (82, 2, 13, '2009-02-22', 161, 3);
INSERT INTO `p_men_cups` VALUES (83, 1, 13, '2009-02-22', 138, 4);
INSERT INTO `p_men_cups` VALUES (84, 11, 14, '2009-02-22', 368, 1);
INSERT INTO `p_men_cups` VALUES (85, 19, 14, '2009-02-22', 322, 2);
INSERT INTO `p_men_cups` VALUES (86, 34, 14, '2009-02-22', 138, 3);
INSERT INTO `p_men_cups` VALUES (87, 35, 14, '2009-02-22', 0, 4);
INSERT INTO `p_men_cups` VALUES (88, 8, 15, '2009-02-22', 414, 1);
INSERT INTO `p_men_cups` VALUES (89, 6, 15, '2009-02-22', 172.5, 2);
INSERT INTO `p_men_cups` VALUES (90, 36, 15, '2009-02-22', 34.5, 3);
INSERT INTO `p_men_cups` VALUES (98, 29, 8, '2009-04-11', 1129.3333333333, 1);
INSERT INTO `p_men_cups` VALUES (99, 1, 8, '2009-04-11', 988.16666666667, 2);
INSERT INTO `p_men_cups` VALUES (100, 11, 8, '2009-04-11', 907.5, 3);
INSERT INTO `p_men_cups` VALUES (101, 3, 8, '2009-04-11', 584.83333333333, 4);
INSERT INTO `p_men_cups` VALUES (102, 20, 8, '2009-04-11', 504.16666666667, 5);
INSERT INTO `p_men_cups` VALUES (103, 5, 8, '2009-04-11', 556.6, 6);
INSERT INTO `p_men_cups` VALUES (104, 23, 8, '2009-04-11', 314.6, 7);
INSERT INTO `p_men_cups` VALUES (105, 26, 9, '2009-04-11', 1149.5, 1);
INSERT INTO `p_men_cups` VALUES (106, 6, 9, '2009-04-11', 968, 2);
INSERT INTO `p_men_cups` VALUES (107, 8, 9, '2009-04-11', 907.5, 3);
INSERT INTO `p_men_cups` VALUES (108, 4, 9, '2009-04-11', 685.66666666667, 4);
INSERT INTO `p_men_cups` VALUES (109, 9, 9, '2009-04-11', 564.66666666667, 5);
INSERT INTO `p_men_cups` VALUES (110, 12, 9, '2009-04-11', 443.66666666667, 6);
INSERT INTO `p_men_cups` VALUES (111, 30, 9, '2009-04-11', 363, 7);
INSERT INTO `p_men_cups` VALUES (112, 2, 10, '2009-04-11', 1189.8333333333, 1);
INSERT INTO `p_men_cups` VALUES (113, 10, 10, '2009-04-11', 1028.5, 2);
INSERT INTO `p_men_cups` VALUES (114, 32, 10, '2009-04-11', 685.66666666667, 3);
INSERT INTO `p_men_cups` VALUES (115, 13, 10, '2009-04-11', 645.33333333333, 4);
INSERT INTO `p_men_cups` VALUES (116, 24, 10, '2009-04-11', 524.33333333333, 5);
INSERT INTO `p_men_cups` VALUES (117, 14, 10, '2009-04-11', 504.16666666667, 6);
INSERT INTO `p_men_cups` VALUES (118, 25, 10, '2009-04-11', 504.16666666667, 7);
INSERT INTO `p_men_cups` VALUES (119, 6, 7, '2009-04-11', 121, 5);
INSERT INTO `p_men_cups` VALUES (120, 29, 7, '2009-04-11', 121, 5);
INSERT INTO `p_men_cups` VALUES (121, 26, 7, '2009-04-11', 121, 5);
INSERT INTO `p_men_cups` VALUES (122, 11, 7, '2009-04-11', 121, 5);
INSERT INTO `p_men_cups` VALUES (123, 8, 7, '2009-04-11', 181.5, 4);
INSERT INTO `p_men_cups` VALUES (124, 2, 7, '2009-04-11', 242, 3);
INSERT INTO `p_men_cups` VALUES (125, 1, 7, '2009-04-11', 363, 2);
INSERT INTO `p_men_cups` VALUES (126, 10, 7, '2009-04-11', 484, 1);
INSERT INTO `p_men_cups` VALUES (134, 3, 17, '2009-04-26', 833.33333333333, 1);
INSERT INTO `p_men_cups` VALUES (135, 8, 17, '2009-04-26', 733.33333333333, 2);
INSERT INTO `p_men_cups` VALUES (136, 1, 17, '2009-04-26', 733.33333333333, 3);
INSERT INTO `p_men_cups` VALUES (137, 19, 17, '2009-04-26', 733.33333333333, 4);
INSERT INTO `p_men_cups` VALUES (138, 42, 17, '2009-04-26', 633.33333333333, 5);
INSERT INTO `p_men_cups` VALUES (139, 20, 17, '2009-04-26', 400, 6);
INSERT INTO `p_men_cups` VALUES (140, 30, 17, '2009-04-26', 133.33333333333, 7);
INSERT INTO `p_men_cups` VALUES (141, 3, 16, '2009-04-26', 100, 5);
INSERT INTO `p_men_cups` VALUES (142, 8, 16, '2009-04-26', 100, 5);
INSERT INTO `p_men_cups` VALUES (143, 1, 16, '2009-04-26', 100, 5);
INSERT INTO `p_men_cups` VALUES (144, 19, 16, '2009-04-26', 100, 5);
INSERT INTO `p_men_cups` VALUES (145, 11, 16, '2009-04-26', 150, 4);
INSERT INTO `p_men_cups` VALUES (146, 43, 16, '2009-04-26', 200, 3);
INSERT INTO `p_men_cups` VALUES (147, 26, 16, '2009-04-26', 300, 2);
INSERT INTO `p_men_cups` VALUES (148, 2, 16, '2009-04-26', 400, 1);
INSERT INTO `p_men_cups` VALUES (149, 11, 18, '2009-04-26', 900, 1);
INSERT INTO `p_men_cups` VALUES (150, 26, 18, '2009-04-26', 766.66666666667, 2);
INSERT INTO `p_men_cups` VALUES (151, 2, 18, '2009-04-26', 766.66666666667, 3);
INSERT INTO `p_men_cups` VALUES (152, 43, 18, '2009-04-26', 633.33333333333, 4);
INSERT INTO `p_men_cups` VALUES (153, 4, 18, '2009-04-26', 633.33333333333, 5);
INSERT INTO `p_men_cups` VALUES (154, 18, 18, '2009-04-26', 400, 6);
INSERT INTO `p_men_cups` VALUES (155, 44, 18, '2009-04-26', 100, 7);
INSERT INTO `p_men_cups` VALUES (156, 46, 20, '2009-08-22', 642.69, 1);
INSERT INTO `p_men_cups` VALUES (157, 48, 20, '2009-08-22', 618.88666666667, 2);
INSERT INTO `p_men_cups` VALUES (158, 2, 20, '2009-08-22', 499.87, 3);
INSERT INTO `p_men_cups` VALUES (159, 12, 20, '2009-08-22', 404.65666666667, 4);
INSERT INTO `p_men_cups` VALUES (160, 47, 20, '2009-08-22', 380.85333333333, 5);
INSERT INTO `p_men_cups` VALUES (161, 3, 20, '2009-08-22', 285.64, 6);
INSERT INTO `p_men_cups` VALUES (162, 45, 20, '2009-08-22', 166.62333333333, 7);
INSERT INTO `p_men_cups` VALUES (163, 50, 21, '2009-08-22', 666.49333333333, 1);
INSERT INTO `p_men_cups` VALUES (164, 13, 21, '2009-08-22', 642.69, 2);
INSERT INTO `p_men_cups` VALUES (165, 10, 21, '2009-08-22', 523.67333333333, 3);
INSERT INTO `p_men_cups` VALUES (166, 26, 21, '2009-08-22', 499.87, 4);
INSERT INTO `p_men_cups` VALUES (167, 11, 21, '2009-08-22', 428.46, 5);
INSERT INTO `p_men_cups` VALUES (168, 49, 21, '2009-08-22', 142.82, 6);
INSERT INTO `p_men_cups` VALUES (169, 54, 21, '2009-08-22', 95.213333333333, 7);
INSERT INTO `p_men_cups` VALUES (170, 5, 22, '2009-08-22', 666.49333333333, 1);
INSERT INTO `p_men_cups` VALUES (171, 9, 22, '2009-08-22', 666.49333333333, 2);
INSERT INTO `p_men_cups` VALUES (172, 53, 22, '2009-08-22', 428.46, 3);
INSERT INTO `p_men_cups` VALUES (173, 14, 22, '2009-08-22', 428.46, 4);
INSERT INTO `p_men_cups` VALUES (174, 52, 22, '2009-08-22', 404.65666666667, 5);
INSERT INTO `p_men_cups` VALUES (175, 42, 22, '2009-08-22', 238.03333333333, 6);
INSERT INTO `p_men_cups` VALUES (176, 51, 22, '2009-08-22', 166.62333333333, 7);
INSERT INTO `p_men_cups` VALUES (177, 5, 19, '2009-08-22', 71.41, 5);
INSERT INTO `p_men_cups` VALUES (178, 2, 19, '2009-08-22', 71.41, 5);
INSERT INTO `p_men_cups` VALUES (179, 46, 19, '2009-08-22', 71.41, 5);
INSERT INTO `p_men_cups` VALUES (180, 48, 19, '2009-08-22', 71.41, 5);
INSERT INTO `p_men_cups` VALUES (181, 13, 19, '2009-08-22', 124.9675, 3);
INSERT INTO `p_men_cups` VALUES (182, 9, 19, '2009-08-22', 124.9675, 3);
INSERT INTO `p_men_cups` VALUES (183, 10, 19, '2009-08-22', 214.275, 2);
INSERT INTO `p_men_cups` VALUES (184, 50, 19, '2009-08-22', 285.64, 1);
INSERT INTO `p_men_cups` VALUES (195, 1, 24, '2009-08-29', 600.285, 1);
INSERT INTO `p_men_cups` VALUES (196, 3, 24, '2009-08-29', 343.02, 2);
INSERT INTO `p_men_cups` VALUES (197, 58, 24, '2009-08-29', 343.02, 3);
INSERT INTO `p_men_cups` VALUES (198, 57, 24, '2009-08-29', 285.85, 4);
INSERT INTO `p_men_cups` VALUES (199, 23, 24, '2009-08-29', 142.925, 5);
INSERT INTO `p_men_cups` VALUES (200, 59, 25, '2009-08-29', 485.945, 1);
INSERT INTO `p_men_cups` VALUES (201, 2, 25, '2009-08-29', 457.36, 2);
INSERT INTO `p_men_cups` VALUES (202, 4, 25, '2009-08-29', 457.36, 3);
INSERT INTO `p_men_cups` VALUES (203, 19, 25, '2009-08-29', 257.265, 4);
INSERT INTO `p_men_cups` VALUES (204, 60, 25, '2009-08-29', 57.17, 5);
INSERT INTO `p_men_cups` VALUES (205, 3, 23, '2009-08-29', 114.34, 1);
INSERT INTO `p_men_cups` VALUES (206, 1, 23, '2009-08-29', 85.755, 2);
INSERT INTO `p_men_cups` VALUES (207, 2, 23, '2009-08-29', 42.8775, 3);
INSERT INTO `p_men_cups` VALUES (208, 59, 23, '2009-08-29', 42.8775, 3);
INSERT INTO `p_men_cups` VALUES (209, 6, 27, '2009-09-13', 304.605, 1);
INSERT INTO `p_men_cups` VALUES (210, 61, 27, '2009-09-13', 174.06, 2);
INSERT INTO `p_men_cups` VALUES (211, 62, 27, '2009-09-13', 145.05, 3);
INSERT INTO `p_men_cups` VALUES (212, 63, 27, '2009-09-13', 145.05, 4);
INSERT INTO `p_men_cups` VALUES (213, 9, 27, '2009-09-13', 101.535, 5);
INSERT INTO `p_men_cups` VALUES (214, 66, 28, '2009-09-13', 333.615, 1);
INSERT INTO `p_men_cups` VALUES (215, 64, 28, '2009-09-13', 174.06, 3);
INSERT INTO `p_men_cups` VALUES (216, 58, 28, '2009-09-13', 174.06, 2);
INSERT INTO `p_men_cups` VALUES (217, 3, 28, '2009-09-13', 101.535, 4);
INSERT INTO `p_men_cups` VALUES (218, 65, 28, '2009-09-13', 87.03, 5);
INSERT INTO `p_men_cups` VALUES (219, 58, 26, '2009-09-13', 21.7575, 3);
INSERT INTO `p_men_cups` VALUES (220, 61, 26, '2009-09-13', 21.7575, 3);
INSERT INTO `p_men_cups` VALUES (221, 6, 26, '2009-09-13', 43.515, 2);
INSERT INTO `p_men_cups` VALUES (222, 66, 26, '2009-09-13', 58.02, 1);
INSERT INTO `p_men_cups` VALUES (223, 2, 32, '2009-11-01', 1796.64, 1);
INSERT INTO `p_men_cups` VALUES (224, 68, 32, '2009-11-01', 898.32, 3);
INSERT INTO `p_men_cups` VALUES (225, 24, 32, '2009-11-01', 898.32, 2);
INSERT INTO `p_men_cups` VALUES (226, 59, 32, '2009-11-01', 823.46, 4);
INSERT INTO `p_men_cups` VALUES (227, 64, 32, '2009-11-01', 74.86, 5);
INSERT INTO `p_men_cups` VALUES (228, 1, 33, '2009-11-01', 1796.64, 1);
INSERT INTO `p_men_cups` VALUES (229, 10, 33, '2009-11-01', 1347.48, 2);
INSERT INTO `p_men_cups` VALUES (230, 18, 33, '2009-11-01', 898.32, 3);
INSERT INTO `p_men_cups` VALUES (231, 30, 33, '2009-11-01', 449.16, 4);
INSERT INTO `p_men_cups` VALUES (232, 69, 33, '2009-11-01', 0, 5);
INSERT INTO `p_men_cups` VALUES (233, 32, 34, '2009-11-01', 1197.76, 1);
INSERT INTO `p_men_cups` VALUES (234, 11, 34, '2009-11-01', 1048.04, 2);
INSERT INTO `p_men_cups` VALUES (235, 19, 34, '2009-11-01', 973.18, 3);
INSERT INTO `p_men_cups` VALUES (236, 23, 34, '2009-11-01', 823.46, 4);
INSERT INTO `p_men_cups` VALUES (237, 20, 34, '2009-11-01', 449.16, 5);
INSERT INTO `p_men_cups` VALUES (238, 3, 35, '2009-11-01', 1597.0133333333, 1);
INSERT INTO `p_men_cups` VALUES (239, 8, 35, '2009-11-01', 1197.76, 2);
INSERT INTO `p_men_cups` VALUES (240, 44, 35, '2009-11-01', 499.06666666667, 3);
INSERT INTO `p_men_cups` VALUES (241, 47, 35, '2009-11-01', 299.44, 4);
INSERT INTO `p_men_cups` VALUES (242, 11, 31, '2009-11-01', 149.72, 5);
INSERT INTO `p_men_cups` VALUES (243, 24, 31, '2009-11-01', 149.72, 5);
INSERT INTO `p_men_cups` VALUES (244, 1, 31, '2009-11-01', 149.72, 5);
INSERT INTO `p_men_cups` VALUES (245, 10, 31, '2009-11-01', 149.72, 5);
INSERT INTO `p_men_cups` VALUES (246, 2, 31, '2009-11-01', 224.58, 4);
INSERT INTO `p_men_cups` VALUES (247, 3, 31, '2009-11-01', 299.44, 3);
INSERT INTO `p_men_cups` VALUES (248, 8, 31, '2009-11-01', 449.16, 2);
INSERT INTO `p_men_cups` VALUES (249, 32, 31, '2009-11-01', 598.88, 1);
INSERT INTO `p_men_cups` VALUES (250, 11, 43, '2010-02-20', 69, 1);
INSERT INTO `p_men_cups` VALUES (251, 2, 43, '2010-02-20', 0, 3);
INSERT INTO `p_men_cups` VALUES (252, 3, 43, '2010-02-20', 0, 4);
INSERT INTO `p_men_cups` VALUES (254, 1, 43, '2010-02-20', 0, 6);
INSERT INTO `p_men_cups` VALUES (255, 81, 43, '2010-02-20', 0, 5);
INSERT INTO `p_men_cups` VALUES (256, 19, 43, '2010-02-20', 0, 7);
INSERT INTO `p_men_cups` VALUES (257, 20, 43, '2010-02-20', 0, 2);
INSERT INTO `p_men_cups` VALUES (258, 62, 37, '2010-04-10', 1285.767, 5);
INSERT INTO `p_men_cups` VALUES (259, 48, 37, '2010-04-10', 1571.493, 3);
INSERT INTO `p_men_cups` VALUES (260, 9, 37, '2010-04-10', 1428.63, 4);
INSERT INTO `p_men_cups` VALUES (261, 11, 37, '2010-04-10', 1714.356, 2);
INSERT INTO `p_men_cups` VALUES (262, 75, 37, '2010-04-10', 523.831, 6);
INSERT INTO `p_men_cups` VALUES (263, 32, 37, '2010-04-10', 2047.703, 1);
INSERT INTO `p_men_cups` VALUES (264, 87, 38, '2010-04-10', 1130.99875, 4);
INSERT INTO `p_men_cups` VALUES (265, 13, 38, '2010-04-10', 1607.20875, 3);
INSERT INTO `p_men_cups` VALUES (266, 79, 38, '2010-04-10', 535.73625, 5);
INSERT INTO `p_men_cups` VALUES (267, 29, 38, '2010-04-10', 1607.20875, 2);
INSERT INTO `p_men_cups` VALUES (268, 1, 38, '2010-04-10', 2261.9975, 1);
INSERT INTO `p_men_cups` VALUES (269, 76, 39, '2010-04-10', 1130.99875, 4);
INSERT INTO `p_men_cups` VALUES (270, 52, 39, '2010-04-10', 773.84125, 5);
INSERT INTO `p_men_cups` VALUES (271, 4, 39, '2010-04-10', 1190.525, 3);
INSERT INTO `p_men_cups` VALUES (272, 66, 39, '2010-04-10', 1726.26125, 1);
INSERT INTO `p_men_cups` VALUES (273, 10, 39, '2010-04-10', 1607.20875, 2);
INSERT INTO `p_men_cups` VALUES (274, 3, 40, '2010-04-10', 2381.05, 1);
INSERT INTO `p_men_cups` VALUES (275, 50, 40, '2010-04-10', 857.178, 5);
INSERT INTO `p_men_cups` VALUES (276, 24, 40, '2010-04-10', 1142.904, 4);
INSERT INTO `p_men_cups` VALUES (277, 77, 40, '2010-04-10', 2047.703, 2);
INSERT INTO `p_men_cups` VALUES (278, 70, 40, '2010-04-10', 1619.114, 3);
INSERT INTO `p_men_cups` VALUES (279, 6, 40, '2010-04-10', 523.831, 6);
INSERT INTO `p_men_cups` VALUES (280, 73, 41, '2010-04-10', 1000.041, 5);
INSERT INTO `p_men_cups` VALUES (281, 2, 41, '2010-04-10', 2000.082, 1);
INSERT INTO `p_men_cups` VALUES (282, 25, 41, '2010-04-10', 2000.082, 2);
INSERT INTO `p_men_cups` VALUES (283, 30, 41, '2010-04-10', 1619.114, 3);
INSERT INTO `p_men_cups` VALUES (284, 68, 41, '2010-04-10', 857.178, 6);
INSERT INTO `p_men_cups` VALUES (285, 82, 41, '2010-04-10', 1095.283, 4);
INSERT INTO `p_men_cups` VALUES (286, 64, 42, '2010-04-10', 714.315, 6);
INSERT INTO `p_men_cups` VALUES (287, 89, 42, '2010-04-10', 1381.009, 3);
INSERT INTO `p_men_cups` VALUES (288, 8, 42, '2010-04-10', 2619.155, 1);
INSERT INTO `p_men_cups` VALUES (289, 74, 42, '2010-04-10', 1000.041, 5);
INSERT INTO `p_men_cups` VALUES (290, 14, 42, '2010-04-10', 1761.977, 2);
INSERT INTO `p_men_cups` VALUES (291, 5, 42, '2010-04-10', 1095.283, 4);
INSERT INTO `p_men_cups` VALUES (292, 13, 36, '2010-04-10', 238.105, 9);
INSERT INTO `p_men_cups` VALUES (293, 25, 36, '2010-04-10', 238.105, 9);
INSERT INTO `p_men_cups` VALUES (294, 2, 36, '2010-04-10', 238.105, 9);
INSERT INTO `p_men_cups` VALUES (295, 29, 36, '2010-04-10', 238.105, 9);
INSERT INTO `p_men_cups` VALUES (296, 11, 36, '2010-04-10', 238.105, 9);
INSERT INTO `p_men_cups` VALUES (297, 70, 36, '2010-04-10', 238.105, 9);
INSERT INTO `p_men_cups` VALUES (298, 10, 36, '2010-04-10', 238.105, 9);
INSERT INTO `p_men_cups` VALUES (299, 30, 36, '2010-04-10', 238.105, 9);
INSERT INTO `p_men_cups` VALUES (300, 14, 36, '2010-04-10', 357.1575, 5);
INSERT INTO `p_men_cups` VALUES (301, 48, 36, '2010-04-10', 357.1575, 5);
INSERT INTO `p_men_cups` VALUES (302, 1, 36, '2010-04-10', 357.1575, 5);
INSERT INTO `p_men_cups` VALUES (303, 32, 36, '2010-04-10', 357.1575, 5);
INSERT INTO `p_men_cups` VALUES (304, 3, 36, '2010-04-10', 476.21, 4);
INSERT INTO `p_men_cups` VALUES (305, 77, 36, '2010-04-10', 595.2625, 3);
INSERT INTO `p_men_cups` VALUES (306, 8, 36, '2010-04-10', 714.315, 2);
INSERT INTO `p_men_cups` VALUES (307, 66, 36, '2010-04-10', 952.42, 1);
INSERT INTO `p_men_cups` VALUES (308, 3, 45, '2010-04-21', 367.7, 1);
INSERT INTO `p_men_cups` VALUES (309, 96, 45, '2010-04-21', 122.56666666667, 3);
INSERT INTO `p_men_cups` VALUES (310, 13, 45, '2010-04-21', 73.54, 4);
INSERT INTO `p_men_cups` VALUES (311, 97, 45, '2010-04-21', 318.67333333333, 2);
INSERT INTO `p_men_cups` VALUES (312, 98, 46, '2010-04-21', 294.16, 1);
INSERT INTO `p_men_cups` VALUES (313, 99, 46, '2010-04-21', 269.64666666667, 2);
INSERT INTO `p_men_cups` VALUES (314, 100, 46, '2010-04-21', 245.13333333333, 3);
INSERT INTO `p_men_cups` VALUES (315, 101, 46, '2010-04-21', 73.54, 4);
INSERT INTO `p_men_cups` VALUES (316, 102, 47, '2010-04-21', 269.64666666667, 2);
INSERT INTO `p_men_cups` VALUES (317, 103, 47, '2010-04-21', 441.24, 1);
INSERT INTO `p_men_cups` VALUES (318, 104, 47, '2010-04-21', 147.08, 3);
INSERT INTO `p_men_cups` VALUES (319, 105, 47, '2010-04-21', 24.513333333333, 4);
INSERT INTO `p_men_cups` VALUES (320, 106, 48, '2010-04-21', 269.64666666667, 2);
INSERT INTO `p_men_cups` VALUES (321, 107, 48, '2010-04-21', 0, 4);
INSERT INTO `p_men_cups` VALUES (322, 108, 48, '2010-04-21', 171.59333333333, 3);
INSERT INTO `p_men_cups` VALUES (323, 11, 48, '2010-04-21', 441.24, 1);
INSERT INTO `p_men_cups` VALUES (324, 106, 44, '2010-04-21', 36.77, 5);
INSERT INTO `p_men_cups` VALUES (325, 103, 44, '2010-04-21', 36.77, 5);
INSERT INTO `p_men_cups` VALUES (326, 102, 44, '2010-04-21', 36.77, 5);
INSERT INTO `p_men_cups` VALUES (327, 97, 44, '2010-04-21', 36.77, 5);
INSERT INTO `p_men_cups` VALUES (328, 3, 44, '2010-04-21', 82.7325, 3);
INSERT INTO `p_men_cups` VALUES (329, 98, 44, '2010-04-21', 82.7325, 3);
INSERT INTO `p_men_cups` VALUES (330, 99, 44, '2010-04-21', 110.31, 2);
INSERT INTO `p_men_cups` VALUES (331, 11, 44, '2010-04-21', 147.08, 1);
INSERT INTO `p_men_cups` VALUES (332, 112, 50, '2010-05-23', 890.91, 4);
INSERT INTO `p_men_cups` VALUES (333, 113, 50, '2010-05-23', 296.97, 5);
INSERT INTO `p_men_cups` VALUES (334, 8, 50, '2010-05-23', 1410.6075, 1);
INSERT INTO `p_men_cups` VALUES (335, 48, 50, '2010-05-23', 965.1525, 2);
INSERT INTO `p_men_cups` VALUES (336, 82, 50, '2010-05-23', 890.91, 3);
INSERT INTO `p_men_cups` VALUES (337, 114, 51, '2010-05-23', 519.6975, 4);
INSERT INTO `p_men_cups` VALUES (338, 115, 51, '2010-05-23', 1039.395, 3);
INSERT INTO `p_men_cups` VALUES (339, 62, 51, '2010-05-23', 1410.6075, 1);
INSERT INTO `p_men_cups` VALUES (340, 30, 51, '2010-05-23', 296.97, 5);
INSERT INTO `p_men_cups` VALUES (341, 11, 51, '2010-05-23', 1187.88, 2);
INSERT INTO `p_men_cups` VALUES (342, 116, 52, '2010-05-23', 197.98, 4);
INSERT INTO `p_men_cups` VALUES (343, 64, 52, '2010-05-23', 791.92, 3);
INSERT INTO `p_men_cups` VALUES (344, 25, 52, '2010-05-23', 1385.86, 1);
INSERT INTO `p_men_cups` VALUES (345, 77, 52, '2010-05-23', 1187.88, 2);
INSERT INTO `p_men_cups` VALUES (346, 59, 53, '2010-05-23', 742.425, 4);
INSERT INTO `p_men_cups` VALUES (347, 50, 53, '2010-05-23', 1336.365, 1);
INSERT INTO `p_men_cups` VALUES (348, 14, 53, '2010-05-23', 1187.88, 3);
INSERT INTO `p_men_cups` VALUES (349, 3, 53, '2010-05-23', 1187.88, 2);
INSERT INTO `p_men_cups` VALUES (350, 117, 53, '2010-05-23', 0, 5);
INSERT INTO `p_men_cups` VALUES (351, 3, 49, '2010-05-23', 148.49, 5);
INSERT INTO `p_men_cups` VALUES (352, 48, 49, '2010-05-23', 148.49, 5);
INSERT INTO `p_men_cups` VALUES (353, 62, 49, '2010-05-23', 148.49, 5);
INSERT INTO `p_men_cups` VALUES (354, 8, 49, '2010-05-23', 148.49, 5);
INSERT INTO `p_men_cups` VALUES (355, 25, 49, '2010-05-23', 296.97, 4);
INSERT INTO `p_men_cups` VALUES (356, 77, 49, '2010-05-23', 371.21, 3);
INSERT INTO `p_men_cups` VALUES (357, 50, 49, '2010-05-23', 445.46, 2);
INSERT INTO `p_men_cups` VALUES (358, 11, 49, '2010-05-23', 593.94, 1);
INSERT INTO `p_men_cups` VALUES (359, 123, 55, '2010-07-03', 841.68, 6);
INSERT INTO `p_men_cups` VALUES (360, 124, 55, '2010-07-03', 1122.24, 4);
INSERT INTO `p_men_cups` VALUES (361, 113, 55, '2010-07-03', 631.26, 7);
INSERT INTO `p_men_cups` VALUES (362, 6, 55, '2010-07-03', 1052.1, 5);
INSERT INTO `p_men_cups` VALUES (363, 59, 55, '2010-07-03', 1543.08, 3);
INSERT INTO `p_men_cups` VALUES (364, 66, 55, '2010-07-03', 2034.06, 1);
INSERT INTO `p_men_cups` VALUES (365, 8, 55, '2010-07-03', 1613.22, 2);
INSERT INTO `p_men_cups` VALUES (366, 125, 56, '2010-07-03', 1322.64, 5);
INSERT INTO `p_men_cups` VALUES (367, 126, 56, '2010-07-03', 360.72, 8);
INSERT INTO `p_men_cups` VALUES (368, 52, 56, '2010-07-03', 2164.32, 1);
INSERT INTO `p_men_cups` VALUES (369, 73, 56, '2010-07-03', 601.2, 7);
INSERT INTO `p_men_cups` VALUES (370, 30, 56, '2010-07-03', 1322.64, 4);
INSERT INTO `p_men_cups` VALUES (371, 62, 56, '2010-07-03', 1863.72, 2);
INSERT INTO `p_men_cups` VALUES (372, 11, 56, '2010-07-03', 661.32, 6);
INSERT INTO `p_men_cups` VALUES (373, 9, 56, '2010-07-03', 1803.6, 3);
INSERT INTO `p_men_cups` VALUES (374, 127, 57, '2010-07-03', 771.54, 6);
INSERT INTO `p_men_cups` VALUES (375, 128, 57, '2010-07-03', 1052.1, 5);
INSERT INTO `p_men_cups` VALUES (376, 98, 57, '2010-07-03', 631.26, 7);
INSERT INTO `p_men_cups` VALUES (377, 115, 57, '2010-07-03', 1332.66, 3);
INSERT INTO `p_men_cups` VALUES (378, 64, 57, '2010-07-03', 1192.38, 4);
INSERT INTO `p_men_cups` VALUES (379, 48, 57, '2010-07-03', 1753.5, 2);
INSERT INTO `p_men_cups` VALUES (380, 3, 57, '2010-07-03', 2104.2, 1);
INSERT INTO `p_men_cups` VALUES (381, 129, 58, '2010-07-03', 841.68, 6);
INSERT INTO `p_men_cups` VALUES (382, 58, 58, '2010-07-03', 981.96, 4);
INSERT INTO `p_men_cups` VALUES (383, 74, 58, '2010-07-03', 1332.66, 3);
INSERT INTO `p_men_cups` VALUES (384, 5, 58, '2010-07-03', 490.98, 7);
INSERT INTO `p_men_cups` VALUES (385, 50, 58, '2010-07-03', 2454.9, 1);
INSERT INTO `p_men_cups` VALUES (386, 2, 58, '2010-07-03', 911.82, 5);
INSERT INTO `p_men_cups` VALUES (387, 130, 58, '2010-07-03', 1823.64, 2);
INSERT INTO `p_men_cups` VALUES (388, 52, 54, '2010-07-03', 210.42, 9);
INSERT INTO `p_men_cups` VALUES (389, 74, 54, '2010-07-03', 210.42, 9);
INSERT INTO `p_men_cups` VALUES (390, 115, 54, '2010-07-03', 210.42, 9);
INSERT INTO `p_men_cups` VALUES (391, 58, 54, '2010-07-03', 210.42, 9);
INSERT INTO `p_men_cups` VALUES (392, 9, 54, '2010-07-03', 210.42, 9);
INSERT INTO `p_men_cups` VALUES (393, 124, 54, '2010-07-03', 210.42, 9);
INSERT INTO `p_men_cups` VALUES (394, 30, 54, '2010-07-03', 210.42, 9);
INSERT INTO `p_men_cups` VALUES (395, 130, 54, '2010-07-03', 210.42, 9);
INSERT INTO `p_men_cups` VALUES (396, 64, 54, '2010-07-03', 315.63, 5);
INSERT INTO `p_men_cups` VALUES (397, 66, 54, '2010-07-03', 315.63, 5);
INSERT INTO `p_men_cups` VALUES (398, 50, 54, '2010-07-03', 315.63, 5);
INSERT INTO `p_men_cups` VALUES (399, 59, 54, '2010-07-03', 315.63, 5);
INSERT INTO `p_men_cups` VALUES (400, 3, 54, '2010-07-03', 420.84, 4);
INSERT INTO `p_men_cups` VALUES (401, 8, 54, '2010-07-03', 526.05, 3);
INSERT INTO `p_men_cups` VALUES (402, 48, 54, '2010-07-03', 631.26, 2);
INSERT INTO `p_men_cups` VALUES (403, 62, 54, '2010-07-03', 841.68, 1);

INSERT INTO `p_men` VALUES (1, 'Фёдор', 'Абаза', 'm', 'Россия', 'Санкт-Петербург, пос. Александровская', '', '<b>Родился</b> 20 февраля 1991 года. <b>По гороскопу</b> то ли Рыба, то ли Водолей.\r\n\r\nОднако такое пограничное положение у Зодиака вовсе не означает неопределённость в жизни. Свою дорогу Фёдор совершенно четко выбрал: он пианист. И большую часть своего времени профессионально посвящает музыке.\r\n\r\nПравда, это не мешает ему заниматься пайпом. Ещё бы! Ведь Фёдор - один из изобретателей этой игры - играет не щадя свои пианистические руки.\r\n<small>(хотя не такие они у него уж и пианистические...)</small>\r\n\r\n<b>Увлечения:</b> классическая музыка, Смешарики, фантастика.\r\n<b>Ненавидит,</b> когда его заставляют что-то делать.\r\n\r\n<b>Стиль игры в пайп:</b> смешанно-силовой, правша.', '1');
INSERT INTO `p_men` VALUES (2, 'Дмитрий', 'Бородин', 'm', 'Россия', 'Санкт-Петербург', '', '<b>Родился</b> 20 ноября 1991 года. Как Скорпион <b>по гороскопу</b>, прислушивается только к тому, что говорит его сердце и не допускает поражений. \r\n\r\nАктивно влился в пайп-движение и в 2008 году выиграл <a href="/sport/cups/1">"betacompany первый чемпионат по пайпу"</a>.\r\n\r\nНе остановившись на этом, Дмитрий поставил на свою полку ещё три кубка (среди них Суперкубок Александровской Open 2008) и на много лет стал фаворитом на всех проходящих турнирах.\r\n\r\nВсего этого <b>Лосю</b> (именно такое прозвище получил Дмитрий ещё задолго до начала своей пайп-карьеры) не удалось бы добиться без поддержки своих друзей, которые, несмотря на конкуренцию на турнирах, всегда готовы искренне поддержать молодого спортсмена и поднять его настроение своими остроумными шутками.\r\n\r\nГоворят, что сначала Дмитрий гордился тем, что учится на юрфаке СПбГУ, но теперь весь юрфак гордится своим всесторонне талантливым студентом.\r\n \r\n<b>Увлечения:</b> кино, шутки шутить, футбол.\r\n\r\n<b>Стиль игры в пайп:</b> смешной, правша.', '1');
INSERT INTO `p_men` VALUES (3, 'Артём', 'Григорьев', 'm', 'Россия', 'Санкт-Петербург', '', '<b>Родился</b> 16 апреля 1991 года. <b>По гороскопу</b> Овен. \r\n\r\nС детства проявлял недюжие организаторские таланты. Его страсть к комбинаторике привела его к идее идеально подходящей для пайпа схемы игры, но тогда Артём ещё не знал, что такое пайп. Когда Артём подрос, он увлёкся спортивным туризмом, чтобы затем нести флаг пайпа по свету. А в 16 лет он вместе с <a href="/sport/wpr/10">Михалом Шигаровым</a> и <a href="/sport/wpr/1">Фёдором Абаза</a> изобрёл пайп. \r\n\r\nВ пайп-движении узнаваем и почитаем за талант организатора и командный голос в сочетании с даром рукоделия, ибо если не Тёма, то дек у нас не было бы. \r\n\r\n<b>Увлечения:</b> математика, программирование, спортивный туризм. \r\n<b>Ненавидит:</b> упаднические настроения пайпменов, неорганизованность и нытьё. \r\n\r\n<b>Стиль игры в пайп:</b> смешанный, правша.', '1');
INSERT INTO `p_men` VALUES (4, 'Роман', 'Домбровский', 'm', 'Россия', 'Санкт-Петербург', '', '<b>Родился</b> 5 мая 1991 года. <b>По гороскопу</b> Телец. \r\n\r\nВ пайп-движении известен под псевдонимом <b>Мачо</b>, что в большой степени описывает его характер: всегда по-хорошему неугомонный, а местами даже чересчур. Роман способен непрерывно генерировать идеи, и это в конечном счёте приводит к появлению на свет правильного решения. \r\n\r\nЯвляется одним из идеологов силового пайпа, что скорее всего — следствие его напористого характера. В игре предпочитает размазать соперника, нежели хитростью заставить проиграть. \r\n\r\nЗнаете, что его <b>больше всего прикалывает</b>? Всё. \r\nНенавидит топтание на месте, нытьё и изображение деятельности без деятельности. \r\n\r\n<b>Стиль игры в пайп:</b> силовой, правша.', '1');
INSERT INTO `p_men` VALUES (5, 'Иван', 'Кузнецов', 'm', 'Россия', 'Санкт-Петербург', '', '', '1');
INSERT INTO `p_men` VALUES (6, 'Александр', 'Ланчев', 'm', 'Россия', 'Санкт-Петербург', '', '<b>Родился</b> 28 февраля 1991 года. <b>По гороскопу</b> Рыбы.\r\n\r\nХарактер твердый, но по отношению к друзьям Александр - рубаха-парень. В пайпе известен под грозным псевдонимом Панчо и не менее грозной кличкой <b>Двучлен</b>. Является одним из столпов силового пайпа. \r\n\r\nВ некоторые моменты дик и необуздан в подачах, что часто приводит к эйсу и полной психической демобилизации соперника. Все это <b>Панчо</b> делает с улыбкой. Каждый матч с ним является серьезным испытанием для соперника, так что следующий поединок измотанный игрок проводит сильно хуже. \r\n\r\nПобеда над Панчо является событием для каждого игрока. Он снискал за годы игровой практики огромное уважение коллег и друзей. Зачастую является фаворитом на турнирах. Вышел в плей-офф <a href="/sport/cups/7">ККК6/9 ''09</a>, но, к сожалению, снялся с соревнований из-за травмы.\r\n\r\nСейчас Александр учится на <b>юрфаке СПбГУ</b>, чтобы в последствии представлять юридические интересы Федерации Пайпа на международном уровне. Однако в том, что это его цель, пока не признается официально.\r\n\r\n<b>Увлечения:</b> ночные прогулки по городу, музыка, политика.\r\n\r\n<b>Стиль игры в пайп:</b> атакующе-силовой, правша.', '1');
INSERT INTO `p_men` VALUES (7, 'Евгений', 'Люлин', 'm', 'Россия', 'Санкт-Петербург', '', '', '1');
INSERT INTO `p_men` VALUES (8, 'Пётр', 'Смирнов', 'm', 'Россия', 'Санкт-Петербург', '', '<b>Родился</b> 15 июля 1991 года. <b>По гороскопу</b> Рак.\r\n\r\nПётр (Пит), пожалуй, самый серьёзный пайпмен. Он отлично умеет настраиваться на турниры и сильно переживает по поводу неудач. Возможно благодаря этому ему удаётся всегда входить в число фаворитов соревнований.\r\n\r\nСейчас Пётр учится на инженерно-строительном факультете Политеха, чтобы потом возводить в городах и сёлах стадионы для игры в пайп.\r\n\r\nВ пайп-движении Пётр является одним из активных участников. Именно у него зародилась идея проведения самых масштабных турниров в Классической гимназии - Кубков Красного Курсанта 6/9.\r\n\r\n<b>Увлечения:</b> туризм, фитнес, карточные игры.\r\n<b>Ненавидит,</b> когда портят его вещи.\r\n\r\n<b>Стиль игры в пайп:</b> техничный, правша.', '1');
INSERT INTO `p_men` VALUES (9, 'Михаил', 'Толстой', 'm', 'Россия', 'Санкт-Петербург', '', '<b>Родился</b> 9 февраля 1991 года. <b>По гороскопу</b> Водолей.\r\n\r\nПайпмен, а по совместительству потомок классика, будущий светоч российской науки, капитан 610 гимназии по игре ума, видный ЧГКашник, спортсмен и просто красавец. \r\n\r\nОн стоял у истоков пайпа, отбивал подачи самыми первыми деками из растрепанных "вредных советов" Остера, держал в руках "прапайпушек" нынешних спортивных снарядов и вместе с другими членами betacompany начинал нести знамя первого одномерного спорта по всему земному шару. \r\n\r\nБудучи личностью глубокой и незаурядной, Михаил посвящает свои силы в основном не спортивным достижениям, а развитию спорта как такового. Разработки "орлиного глаза", помощь в развитии сайта, привлечение новых пайпменов, создание биографий — лишь малая часть того, что он сделал, делает и, мы надеемся, будет делать для пайпа. \r\n\r\nПри этом Толстой также исправно посещает большинство событий и с радостью участвует в соревнованиях, доказывая, что пайп — это не просто игра, а стиль жизни. \r\n\r\nНа данный момент Михаил познает точные науки в ЛЭТИ, продолжает заниматься публицистикой и потихоньку осваивает киноиндустрию. \r\n\r\nВладение словом, эрудиция и сила воли — вот три составляющих успеха Михаила Толстого. И, конечно же, поддержка друзей ;) \r\n\r\n<b>Увлечения:</b> ЧГК, творчество, физика, бадминтон. \r\n<b>Ненавидит:</b> несправедливость, иногда себя. \r\n\r\n<b>Стиль игры в пайп:</b> смешанно-зеркальный, правша. ', '1');
INSERT INTO `p_men` VALUES (10, 'Михаил', 'Шигаров', 'm', 'Россия', 'Санкт-Петербург', '', '<b>Родился</b> 10 декабря 1990 года. <b>По гороскопу</b> Стрелец.\r\n\r\nШигаров (именно так, уважительно, по фамилии называют его в пайп-кругах) - один из изобретателей игры, первым догадался, что вылетающую трубу можно отбивать &laquo;Вредными советами&raquo; Остера. Да и по сей день зачастую придумывает что-то новое. Скажем больше, Михаил отличается нестандартным мышлением и тонким чувством юмора.\r\n\r\nИ как когда-то абсолютно точно и полно сказал его тёзка <a href="/sport/wpr/9">Толстой</a>:\r\n<b>&laquo;Миха - это <a href="http://ru.wikipedia.org/wiki/Пифия">Пифия</a> от <a href="http://ru.wikipedia.org/wiki/Креатив">креатива</a>&raquo;</b>\r\n\r\n<b>Увлечения:</b> математика, звукозапись, походы.\r\n<small>(Про математику - неправда)</small>\r\n\r\n<b>Стиль игры в пайп:</b> смешанно-техничный, правша.', '1');
INSERT INTO `p_men` VALUES (11, 'Иннокентий', 'Шувалов', 'm', 'Россия', 'Санкт-Петербург', '', '<b>Родился</b> 5 декабря 1990 года. <b>По гороскопу</b> Стрелец.\r\n\r\nИзвестен в пайп-движении под именем Кекс. Обладает математически-прагматичным складом ума и идеально-пропорциональным складом тела <small>(шутка)</small>. Статья про него на сайте пайпа отличается от остальных своей тезисной структурой. Любит лениться. <small>(А что? Будущий математик должен быть ленивым!)</small>\r\n\r\nАвтор этой статьи последовал последнему тезису, чтобы вы полноценно ощутили, насколько Кекс любит лениться. \r\n\r\n23 мая 2010 года в полуфинальном матче <a href="/sport/cups/49">Pipecelebrity Cup</a> с <a href="/sport/wpr/77">Георгием Абдушелишвили</a> осуществил <b>фаталити №2</b>, теперь оно носит его имя.\r\n\r\n<b>Увлечения:</b> математика, South Park, Jon Lajoie.\r\n<b>Ненавидит:</b> <a href="/sport/wpr/2">Лося</a>, <a href="/sport/wpr/43">Медведева</a>.\r\n\r\n<b>Стиль игры в пайп:</b> смешанный, правша.', '1');
INSERT INTO `p_men` VALUES (12, 'Лёха', 'Асварищ', 'm', 'Россия', 'Санкт-Петербург', '', '', '1');
INSERT INTO `p_men` VALUES (13, 'Константин', 'Кожевников', 'm', 'Россия', 'Санкт-Петербург', '', '', '1');
INSERT INTO `p_men` VALUES (14, 'Александр', 'Сахненко', 'm', 'Россия', 'Санкт_Петербург', '', '<b>Родился</b> 23 июня 1993 года. <b>По гороскопу</b> Рак.\r\n\r\nМолодой пайпмен-тусовщик по прозвищу Снежок (хотя по большей части его зовут просто Сахнен) пришёл в пайп сперва как зритель, но еще до окончания <a href="/sport/cups/1">чемпионата betacompany</a> начал играть. Наиболее ярко сверкнул на матче с <a href="/sport/wpr/2">Дмитрием Бородиным</a> за Суперкубок Александровской Open 2008. С тех пор стал членом пайп-cообщества. Вы можете видеть его в <a href="/video/14">промо-ролике pipe-in-pipe</a>. \r\n\r\nЛегкий флер богемности, тусовочность и дружелюбие делают Сахнена любимцем публики и расслабляют противника. Поражения, как и победы, не являются для Снежка самоцелью. Сахненко эдакий растаман от пайпа. &laquo;Труба должна быть в трубе,&raquo; &#151; говорит Александр.\r\n\r\nНо все же пайп высших достижений для него безусловно притягателен. Несмотря на неровную игру Сахнен не является аутсайдером в мире пайпа и постоянно стремится заявить о себе. \r\n\r\nСейчас Александр ведет отчаянную борьбу с экстернатурой. Однако все свое образование и воспитание связывает с <a href="http://610.ru">610-й классической гимназией</a>, где безусловно известен. Некоторые даже зовут его своим кумиром. В том, куда именно поступит, упорно не сознается. Пайп не предаст. \r\n\r\n<b>Увлечения:</b> музыка, тусовки, интересные люди, литература. \r\n<b>Ненавидит:</b> бессмысленные работы, игнорирование. \r\n\r\n<b>Стиль игры в пайп:</b> легкий, поп-пайп, левша. \r\n', '1');
INSERT INTO `p_men` VALUES (16, 'Всеволод', 'Королёв', 'm', 'Россия', 'Санкт-Петербург', '', '', '1');
INSERT INTO `p_men` VALUES (18, 'Фёдор', 'Калитеевский', 'm', 'Россия', 'Санкт-Петербург, пос. Александровская', '', '', '1');
INSERT INTO `p_men` VALUES (19, 'Константин', 'Селедчик', 'm', 'Россия', 'Санкт-Петербург, пос. Александровская', '', '', '1');
INSERT INTO `p_men` VALUES (20, 'Александр', 'Березовский', 'm', 'Россия', 'Санкт-Петербург, пос. Александровская', '', '', '1');
INSERT INTO `p_men` VALUES (23, 'Матвей', 'Кожемяко', 'm', 'Белоруссия', 'Минск', '', '', '1');
INSERT INTO `p_men` VALUES (24, 'Артём', 'Мещеров', 'm', 'Россия', 'Санкт-Петербург', '', '', '1');
INSERT INTO `p_men` VALUES (25, 'Михаил', 'Звинчук', 'm', 'Россия', 'Санкт-Петербург', '', '14 марта 2009 года в матче <a href="/sport/cups/7">Кубка Красного Курсанта 6/9 ''09</a> с <a href="/sport/wpr/24">Артёмом Мещеровым</a> осуществил <b>фаталити №1</b>, теперь оно носит его имя.', '1');
INSERT INTO `p_men` VALUES (26, 'Константин', 'Чепуркин', 'm', 'Россия', 'Санкт-Петербург', '', '', '1');
INSERT INTO `p_men` VALUES (27, 'Никита', 'Сапунов', 'm', 'Россия', 'Санкт-Петербург', '', '', '1');
INSERT INTO `p_men` VALUES (29, 'Михаил', 'Шарков', 'm', 'Россия', 'Санкт-Петербург', '', '', '1');
INSERT INTO `p_men` VALUES (30, 'Артемий', 'Голь', 'm', 'Россия', 'Санкт-Петербург', 'fender693@hotmail.com', '', '1');
INSERT INTO `p_men` VALUES (32, 'Александр', 'Кислов', 'm', 'Россия', 'Санкт-Петербург', '', '<b>Родился</b> 6 мая 1992 года. <b>По гороскопу</b> Телец.\r\n\r\nБудущее восточного пайпа. Этот открытый и веселый молодой человек играет не регулярно, и пришел в пайп не сразу. Однако достиг серьезных успехов и быстро оказался в топе WPR. Успех не вскружил ему голову. Он все так же весел, как и на первых пайп-видео с чемпионата betacompany, где он присутствовал как болельщик и временами боковой судья.\r\n\r\nТакже Кислый начал стремительное развитие эмопайпа вместе с <a href="/sport/wpr/13">Константином Кожевниковым</a>. Принципиален и стремится сделать пайп максимально честным и некоррумпированным, даже проявляет при этом легкую паранойю. \r\n\r\nВ данный момент учится на Восточном Факультете СПбГУ, и довольно успешно. Не удивительно, если учесть, с каким трудом и с каким блеском он туда поступил. \r\n\r\n<b>Увлечения:</b> альтернативная музыка, языки, дружеское веселье. \r\n<b>Ненавидит:</b> уныние и ругань. \r\n\r\n<b>Стиль игры в пайп:</b> изощренно-смешанный, эмопайп, правша', '1');
INSERT INTO `p_men` VALUES (33, 'Анна', 'Чурикова', 'f', 'Россия', 'Санкт-Петербург', '', '', '1');
INSERT INTO `p_men` VALUES (34, 'Евгений', 'Лиманский', 'm', 'Россия', 'Санкт-Петербург', '', '', '1');
INSERT INTO `p_men` VALUES (35, 'Юлия', 'Чурикова', 'f', 'Россия', 'Санкт-Петербург', '', '', '1');
INSERT INTO `p_men` VALUES (36, 'Святослав', 'Крель', 'm', 'Россия', 'Санкт-Петербург', '', '', '1');
INSERT INTO `p_men` VALUES (37, 'Тимофей', 'Данилов', 'm', 'Россия', 'Гатчина', 'tima_danilov@mail.ru', '', '1');
INSERT INTO `p_men` VALUES (42, 'Алина', 'Ли', 'f', 'Россия', 'Санкт-Петербург', '', '', '1');
INSERT INTO `p_men` VALUES (43, 'Алексей', 'Медведев', 'm', 'Россия', 'Санкт-Петербург', '', '', '1');
INSERT INTO `p_men` VALUES (44, 'Василий', 'Калитеевский', 'm', 'Россия', 'Санкт-Петербург, пос. Александровская', '', '', '1');
INSERT INTO `p_men` VALUES (45, 'Андрей', 'Карпухин', 'm', 'Россия', 'Санкт-Петербург', 'karpuhin1991@mail.ru', '', '1');
INSERT INTO `p_men` VALUES (46, 'Ирина', 'Ерёмина', 'f', 'Россия', 'Санкт-Петербург', '', '', '1');
INSERT INTO `p_men` VALUES (47, 'Кристина', 'Певцова', 'f', 'Россия', 'Санкт-Петербург', '', '', '1');
INSERT INTO `p_men` VALUES (48, 'Всеволод', 'Шувалов', 'm', 'Россия', 'Санкт-Петербург', '', '', '1');
INSERT INTO `p_men` VALUES (49, 'Елизавета', 'Дьяченко', 'f', 'Россия', 'Санкт-Петербург', '', '', '1');
INSERT INTO `p_men` VALUES (50, 'Борис', 'Смирнов', 'm', 'Россия', 'Санкт-Петербург', '', '', '1');
INSERT INTO `p_men` VALUES (51, 'Анна', 'Асварищ', 'f', 'Россия', 'Санкт-Петербург', '', '', '1');
INSERT INTO `p_men` VALUES (52, 'Дмитрий', 'Белаш', 'm', 'Россия', 'Санкт-Петербург', '', '<b>Родился</b> 22 ноября 1991 года. <b>По гороскопу</b> Скорпион.\r\n\r\nИзвестный в узких кругах под прозвищем Пирожок, этот норильский белорус полюбил пайп всей душой. Несмотря на не очень удачный старт карьеры пайпмена не опускает рук и стремительно прогрессирует, набирая практику на всех турнирах, на какие может попасть. Неоднократно бывает замечен за высказываниями &laquo;А когда у нас пайп&raquo;, &laquo;Хочу поиграть в пайп&raquo;, &laquo;Круто тебе&raquo;. \r\n\r\nМногогранная личность, Дмитрий играет в легкий, заводной пайп по технике, похожей на технику <a href="/sport/wpr/5">Кузнецова</a>, его хорошего друга. Пирожок прижился в дружной семье пайпменов, а некоторые пайпменки находят его &laquo;милым&raquo;, &laquo;симпатичным&raquo; и &laquo;уютным&raquo;. \r\n\r\nВ данный момент учится в Санкт-Петербургском Государственном Электротехническом Университете &laquo;ЛЭТИ&raquo; по специальности &laquo;электроника и микроэлектроника&raquo;. Снискал определенную известность. И будущее электронных инноваций в pipe-in-pipe сложно представить без него. \r\n\r\n<b>Интересы:</b> инди, 2ч, вархаммер, что? где? когда?, скалолазание. \r\n<b>Ненавидит:</b> водку, принуждение, скучные лекции. \r\n\r\n<b>Стиль игры в пайп:</b> смешанный, интуитивный, правша.', '1');
INSERT INTO `p_men` VALUES (53, 'Дарья', 'Свердлина', 'f', 'Россия', 'Санкт-Петербург', '', '', '1');
INSERT INTO `p_men` VALUES (54, 'Павел', 'Байков', 'm', 'Россия', 'Санкт-Петербург', '', '', '1');
INSERT INTO `p_men` VALUES (57, 'Наталия', 'Цуринова', 'f', 'Россия', 'Санкт-Петербург', '', '', '1');
INSERT INTO `p_men` VALUES (58, 'Юлия', 'Садовникова', 'f', 'Россия', 'Санкт-Петербург', '', '', '1');
INSERT INTO `p_men` VALUES (59, 'Елизавета', 'Подгорная', 'f', 'Россия', 'Санкт-Петербург', '', '', '1');
INSERT INTO `p_men` VALUES (60, 'Елена', 'Мухина', 'f', 'Россия', 'Санкт-Петербург', '', '', '1');
INSERT INTO `p_men` VALUES (61, 'Валерий', 'Петров', 'm', 'Россия', 'Санкт-Петербург', '', '', '1');
INSERT INTO `p_men` VALUES (62, 'Андрей', 'Солозобов', 'm', 'Россия', 'Санкт-Петербург', '', '', '1');
INSERT INTO `p_men` VALUES (63, 'Мария', 'Виденеева', 'f', 'Россия', 'Уфа', '', '', '1');
INSERT INTO `p_men` VALUES (64, 'Лидия', 'Чернякова', 'f', 'Россия', 'Санкт-Петербург', '', '', '1');
INSERT INTO `p_men` VALUES (65, 'Никита', 'Соловцов', 'm', 'Россия', 'Ижевск', '', '', '1');
INSERT INTO `p_men` VALUES (66, 'Никита', 'Артюшов', 'm', 'Россия', 'Санкт-Петербург', '', '', '1');
INSERT INTO `p_men` VALUES (67, 'Елизавета', 'Дагаева', 'f', 'Германия', 'Берлин', 'lisadag@mail.ru', '', '1');
INSERT INTO `p_men` VALUES (68, 'Кирилл', 'Смирнов', 'm', 'Россия', 'Санкт-Петербург', '', '', '1');
INSERT INTO `p_men` VALUES (69, 'Анастасия', 'Маврина', 'f', 'Россия', 'Санкт-Петербург', '', '', '1');
INSERT INTO `p_men` VALUES (70, 'Полина', 'Шилова', 'f', 'Россия', 'Санкт-Петербург', 'taksapo@mail.ru', '', '1');
INSERT INTO `p_men` VALUES (71, 'Дима', 'Семченко', 'm', 'Россия', 'Санкт-Петербург', 'dimas.se@yandex.ru', '', '0');
INSERT INTO `p_men` VALUES (72, 'Мария', 'Васильева', 'f', 'Россия', 'Санкт-Петербург', 'Mashenka1988@list.ru', '', '1');
INSERT INTO `p_men` VALUES (73, 'Татьяна', 'Шурпяк', 'f', 'Россия', 'Санкт-Петербург', 'tania_skucho@mail.ru', '', '1');
INSERT INTO `p_men` VALUES (74, 'Екатерина', 'Константинова', 'f', 'Россия', 'Санкт-Петербург', '', '', '1');
INSERT INTO `p_men` VALUES (75, 'Игнат', 'Зайцев', 'm', 'Россия', 'Санкт-Петербург', '', '', '1');
INSERT INTO `p_men` VALUES (76, 'Екатерина', 'Давыдова', 'f', 'Россия', 'Санкт-Петербург', '', '', '1');
INSERT INTO `p_men` VALUES (77, 'Георгий', 'Абдушелишвили', 'm', 'Россия', 'Санкт-Петербург', '', '', '1');
INSERT INTO `p_men` VALUES (79, 'Варвара', 'Шувалова', 'f', 'Россия', 'Санкт-Петербург', 'varvar5369@yandex.ru', '', '1');
INSERT INTO `p_men` VALUES (81, 'Дарья', 'Якимчук', 'f', 'Россия', 'Санкт-Петербург', '', '', '1');
INSERT INTO `p_men` VALUES (82, 'Пётр', 'Смирнов', 'm', 'Россия', 'Санкт-Петербург', '', '', '1');
INSERT INTO `p_men` VALUES (87, 'Ярослав', 'Маков', 'm', 'Россия', 'Санкт-Петербург', '', '', '1');
INSERT INTO `p_men` VALUES (89, 'Валентин', 'Фондаратов', 'm', 'Россия', 'Санкт-Петербург', '', '', '1');
INSERT INTO `p_men` VALUES (96, 'Яна', 'Голикова', 'm', '', '', '', '', '1');
INSERT INTO `p_men` VALUES (97, 'Иван', 'Фоняков', 'm', '', '', '', '', '1');
INSERT INTO `p_men` VALUES (98, 'Антон', 'Беляев', 'm', '', '', '', '', '1');
INSERT INTO `p_men` VALUES (99, 'Руслан', 'Мокаев', 'm', '', '', '', '', '1');
INSERT INTO `p_men` VALUES (100, 'Денис', 'Острецов', 'm', '', '', '', '', '1');
INSERT INTO `p_men` VALUES (101, 'Алёна', 'Богер', 'f', '', '', '', '', '1');
INSERT INTO `p_men` VALUES (102, 'Анвар', 'Гайсин', 'm', '', '', '', '', '1');
INSERT INTO `p_men` VALUES (103, 'Галина', 'Щёкотова', 'f', '', '', '', '', '1');
INSERT INTO `p_men` VALUES (104, 'Родион', 'Шнигирилов', 'm', '', '', '', '', '1');
INSERT INTO `p_men` VALUES (105, 'Анна', 'Пашкина', 'f', '', '', '', '', '1');
INSERT INTO `p_men` VALUES (106, 'Максим', 'Шарипов', 'm', '', '', '', '', '1');
INSERT INTO `p_men` VALUES (107, 'Леонид', 'Ревзин', 'm', '', '', '', '', '1');
INSERT INTO `p_men` VALUES (108, 'Михаил', 'Роткевич', 'm', '', '', '', '', '1');
INSERT INTO `p_men` VALUES (112, 'Светлана', 'Сосенкова', 'f', 'Россия', 'Санкт-Петербург', '', '', '1');
INSERT INTO `p_men` VALUES (113, 'Ольга', 'Корешева', 'f', 'Россия', 'Санкт-Петербург', '', '', '1');
INSERT INTO `p_men` VALUES (114, 'Николай', 'Петров', 'm', 'Россия', 'Санкт-Петербург', '', '', '1');
INSERT INTO `p_men` VALUES (115, 'Ольга', 'Никонова', 'f', 'Россия', 'Санкт-Петербург', '', '', '1');
INSERT INTO `p_men` VALUES (116, 'Евгений', 'Мельников', 'm', 'Россия', 'Санкт-Петербург', '', '', '1');
INSERT INTO `p_men` VALUES (117, 'Полина', 'Птащенко', 'f', 'Россия', 'Санкт-Петербург', '', '', '1');
INSERT INTO `p_men` VALUES (123, 'Александр', 'Кноп', 'm', 'Россия', 'Санкт-Петербург', '', '', '1');
INSERT INTO `p_men` VALUES (124, 'Михаил', 'Кевер', 'm', 'Россия', 'Санкт-Петербург', '', '', '1');
INSERT INTO `p_men` VALUES (125, 'Анастасия', 'Долинина', 'f', 'Россия', 'Санкт-Петербург', '', '', '1');
INSERT INTO `p_men` VALUES (126, 'Радмила', 'Ищенко', 'f', 'Россия', 'Уфа', '', '', '1');
INSERT INTO `p_men` VALUES (127, 'Екатерина', 'Петрунёва', 'f', 'Россия', 'Санкт-Петербург', '', '', '1');
INSERT INTO `p_men` VALUES (128, 'Екатерина', 'Гладышева', 'f', 'Россия', 'Барнаул', '', '', '1');
INSERT INTO `p_men` VALUES (129, 'Игорь', 'Никольский', 'm', 'Россия', 'Санкт-Петербург', '', '', '1');
INSERT INTO `p_men` VALUES (130, 'Антон', 'Овчинников', 'm', 'Россия', 'Санкт-Петербург', '', '', '1');

alter table p_cups add foreign key(competition_id) references p_competitions(id);

alter table p_games add foreign key(cup_id) references p_cups(id);

alter table p_games add foreign key(pmid1) references p_men(id);

alter table p_games add foreign key(pmid2) references p_men(id);

alter table p_men_cups add foreign key(pmid) references p_men(id);

alter table p_men_cups add foreign key(cup_id) references p_cups(id);

alter table p_rating add foreign key(league_id) references p_leagues(id);

alter table p_rating add foreign key(pmid) references p_men(id);

ALTER TABLE p_competitions RENAME p_competition;

ALTER TABLE p_cups RENAME p_cup;

ALTER TABLE p_games RENAME p_game;

ALTER TABLE p_leagues RENAME p_league;

ALTER TABLE p_men RENAME p_man;

ALTER TABLE p_men_cups RENAME p_man_cup_result;

ALTER TABLE p_tournaments RENAME p_tournament;

ALTER TABLE p_competition CHANGE wiki description text;

ALTER TABLE p_league CHANGE wiki description text;

ALTER TABLE p_man CHANGE wiki description text;

ALTER TABLE p_tournament CHANGE wiki description text;

ALTER TABLE `p_game` CHANGE `timestamp` `time` timestamp;

ALTER TABLE `p_man` CHANGE `iswpr` `is_approved` enum('0', '1');